contractSymbol,lastTradeDate,strike,lastPrice,bid,ask,change,percentChange,volume,openInterest,impliedVolatility,inTheMoney,contractSize,currency,Option_Type,Symbol,Expiry,Fetched_At,Data_Type
SPX251017P00200000,2025-08-15 15:54:24+00:00,200.0,0.03,0.0,0.0,0.0,0.0,40.0,233,0.500005,False,REGULAR,USD,put,^SPX,2025-10-17,2025-09-06 12:54:49.663890,options
SPX251017P00400000,2025-08-25 14:55:53+00:00,400.0,0.03,0.0,0.0,0.0,0.0,2.0,526,0.500005,False,REGULAR,USD,put,^SPX,2025-10-17,2025-09-06 12:54:49.663890,options
SPX251017P00600000,2025-08-25 14:43:34+00:00,600.0,0.03,0.0,0.0,0.0,0.0,12.0,2334,0.500005,False,REGULAR,USD,put,^SPX,2025-10-17,2025-09-06 12:54:49.663890,options
SPX251017P00800000,2025-08-25 14:42:37+00:00,800.0,0.03,0.0,0.15,0.0,0.0,6.0,2091,1.759766826171875,False,REGULAR,USD,put,^SPX,2025-10-17,2025-09-06 12:54:49.663890,options
SPX251017P01000000,2025-08-27 14:33:35+00:00,1000.0,0.05,0.0,0.15,0.0,0.0,2.0,4056,1.5703146484375,False,REGULAR,USD,put,^SPX,2025-10-17,2025-09-06 12:54:49.663890,options
SPXW251017P01200000,2025-08-22 14:02:07+00:00,1200.0,0.1,0.0,0.15,0.0,0.0,2.0,243,1.4179716601562502,False,REGULAR,USD,put,^SPX,2025-10-17,2025-09-06 12:54:49.663890,options
SPXW251017P01400000,2025-09-04 16:45:21+00:00,1400.0,0.04,0.0,0.15,0.0,0.0,4.0,275,1.291019169921875,False,REGULAR,USD,put,^SPX,2025-10-17,2025-09-06 12:54:49.663890,options
SPXW251017P01600000,2025-09-02 13:45:21+00:00,1600.0,0.05,0.0,0.2,0.0,0.0,2.0,161,1.203128984375,False,REGULAR,USD,put,^SPX,2025-10-17,2025-09-06 12:54:49.663890,options
SPX251017P01800000,2025-09-05 19:29:40+00:00,1800.0,0.1,0.0,0.2,0.0,0.0,12.0,1813,1.1035201074218752,False,REGULAR,USD,put,^SPX,2025-10-17,2025-09-06 12:54:49.663890,options
SPXW251017P02000000,2025-09-04 15:09:27+00:00,2000.0,0.05,0.0,0.25,0.0,0.0,2.0,483,1.0312548437500002,False,REGULAR,USD,put,^SPX,2025-10-17,2025-09-06 12:54:49.663890,options
SPX251017P02200000,2025-08-29 15:59:52+00:00,2200.0,0.15,0.0,0.25,0.10000001,200.00003,10.0,7479,0.9501958105468749,False,REGULAR,USD,put,^SPX,2025-10-17,2025-09-06 12:54:49.663890,options
SPX251017P02300000,2025-09-02 14:02:59+00:00,2300.0,0.15,0.0,0.25,0.0,0.0,1.0,1759,0.91211025390625,False,REGULAR,USD,put,^SPX,2025-10-17,2025-09-06 12:54:49.663890,options
SPXW251017P02400000,2025-08-20 19:43:58+00:00,2400.0,0.25,0.0,0.3,0.0,0.0,2.0,245,0.8876964355468748,False,REGULAR,USD,put,^SPX,2025-10-17,2025-09-06 12:54:49.663890,options
SPX251017P02500000,2025-09-02 17:30:43+00:00,2500.0,0.25,0.0,0.3,0.0,0.0,4.0,7167,0.852540537109375,False,REGULAR,USD,put,^SPX,2025-10-17,2025-09-06 12:54:49.663890,options
SPX251017P02600000,2025-08-26 19:44:32+00:00,2600.0,0.25,0.0,0.3,0.0,0.0,208.0,1781,0.8188494677734374,False,REGULAR,USD,put,^SPX,2025-10-17,2025-09-06 12:54:49.663890,options
SPX251017P02700000,2025-09-05 16:24:20+00:00,2700.0,0.16,0.0,0.35,-0.040000007,-20.000004,6.0,682,0.7954122021484374,False,REGULAR,USD,put,^SPX,2025-10-17,2025-09-06 12:54:49.663890,options
SPX251017P02800000,2025-09-04 15:34:15+00:00,2800.0,0.2,0.0,0.35,0.0,0.0,3.0,2031,0.76367423828125,False,REGULAR,USD,put,^SPX,2025-10-17,2025-09-06 12:54:49.663890,options
SPX251017P02900000,2025-09-05 16:23:19+00:00,2900.0,0.24,0.05,0.4,-0.010000005,-4.000002,6.0,1899,0.7475611181640626,False,REGULAR,USD,put,^SPX,2025-10-17,2025-09-06 12:54:49.663890,options
SPXW251017P03000000,2025-09-05 18:48:38+00:00,3000.0,0.25,0.1,0.4,-0.050000012,-16.66667,1.0,749,0.7236355761718749,False,REGULAR,USD,put,^SPX,2025-10-17,2025-09-06 12:54:49.663890,options
SPX251017P03100000,2025-09-05 20:12:06+00:00,3100.0,0.27,0.1,0.45,0.0,0.0,245.0,954,0.6997100341796876,False,REGULAR,USD,put,^SPX,2025-10-17,2025-09-06 12:54:49.663890,options
SPX251017P03200000,2025-09-04 17:18:24+00:00,3200.0,0.35,0.1,0.5,0.0,0.0,2.0,9071,0.6757844921875001,False,REGULAR,USD,put,^SPX,2025-10-17,2025-09-06 12:54:49.663890,options
SPXW251017P03300000,2025-09-03 14:45:39+00:00,3300.0,0.5,0.2,0.55,0.0,0.0,1.0,509,0.6604037866210939,False,REGULAR,USD,put,^SPX,2025-10-17,2025-09-06 12:54:49.663890,options
SPXW251017P03400000,2025-09-05 14:33:15+00:00,3400.0,0.45,0.25,0.6,-0.15000004,-25.000006,6.0,513,0.639652041015625,False,REGULAR,USD,put,^SPX,2025-10-17,2025-09-06 12:54:49.663890,options
SPX251017P03450000,2025-09-05 13:45:02+00:00,3450.0,0.38,0.25,0.65,-0.47000003,-55.29412,8.0,657,0.6291540991210938,False,REGULAR,USD,put,^SPX,2025-10-17,2025-09-06 12:54:49.663890,options
SPXW251017P03500000,2025-09-05 13:30:13+00:00,3500.0,0.42,0.3,0.65,-0.13000003,-23.636368,6.0,521,0.6186561572265626,False,REGULAR,USD,put,^SPX,2025-10-17,2025-09-06 12:54:49.663890,options
SPX251017P03550000,2025-09-02 19:28:37+00:00,3550.0,1.0,0.3,0.7,0.0,0.0,2.0,663,0.6081582153320313,False,REGULAR,USD,put,^SPX,2025-10-17,2025-09-06 12:54:49.663890,options
SPXW251017P03600000,2025-09-02 14:17:35+00:00,3600.0,1.15,0.4,0.7,0.0,0.0,1.0,427,0.5999795861816408,False,REGULAR,USD,put,^SPX,2025-10-17,2025-09-06 12:54:49.663890,options
SPX251017P03650000,2025-09-05 13:45:02+00:00,3650.0,0.53,0.35,0.75,-0.45000005,-45.918373,8.0,735,0.5867961242675781,False,REGULAR,USD,put,^SPX,2025-10-17,2025-09-06 12:54:49.663890,options
SPX251017P03700000,2025-09-05 14:17:56+00:00,3700.0,0.7,0.4,0.85,-0.32,-31.372551,25.0,550,0.5805706005859376,False,REGULAR,USD,put,^SPX,2025-10-17,2025-09-06 12:54:49.663890,options
SPX251017P03750000,2025-09-03 16:10:12+00:00,3750.0,1.0,0.45,0.9,0.0,0.0,1.0,1102,0.5717816259765626,False,REGULAR,USD,put,^SPX,2025-10-17,2025-09-06 12:54:49.663890,options
SPX251017P03800000,2025-09-04 14:04:31+00:00,3800.0,0.9,0.5,0.95,0.0,0.0,3.0,1388,0.5627485131835939,False,REGULAR,USD,put,^SPX,2025-10-17,2025-09-06 12:54:49.663890,options
SPX251017P03850000,2025-09-02 16:19:53+00:00,3850.0,1.65,0.55,1.0,0.0,0.0,30.0,650,0.5534712622070312,False,REGULAR,USD,put,^SPX,2025-10-17,2025-09-06 12:54:49.663890,options
SPX251017P03900000,2025-09-04 17:18:24+00:00,3900.0,0.92,0.6,1.05,0.0,0.0,2.0,2025,0.5440719421386719,False,REGULAR,USD,put,^SPX,2025-10-17,2025-09-06 12:54:49.663890,options
SPX251017P03950000,2025-09-05 18:56:43+00:00,3950.0,0.9,0.65,1.1,-0.100000024,-10.000002,5.0,1036,0.5345505529785157,False,REGULAR,USD,put,^SPX,2025-10-17,2025-09-06 12:54:49.663890,options
SPX251017P03975000,2025-09-02 14:58:35+00:00,3975.0,1.85,0.7,1.15,0.0,0.0,32.0,658,0.5312546875,False,REGULAR,USD,put,^SPX,2025-10-17,2025-09-06 12:54:49.663890,options
SPXW251017P04000000,2025-09-05 19:46:28+00:00,4000.0,0.95,0.8,1.15,-0.55,-36.666668,3.0,755,0.5277146838378908,False,REGULAR,USD,put,^SPX,2025-10-17,2025-09-06 12:54:49.663890,options
SPX251017P04025000,2025-09-04 14:43:23+00:00,4025.0,1.2,0.75,1.15,0.0,0.0,2.0,878,0.5200243310546875,False,REGULAR,USD,put,^SPX,2025-10-17,2025-09-06 12:54:49.663890,options
SPX251017P04050000,2025-09-05 13:30:02+00:00,4050.0,0.95,0.75,1.25,-1.05,-52.499996,3.0,792,0.5165453619384766,False,REGULAR,USD,put,^SPX,2025-10-17,2025-09-06 12:54:49.663890,options
SPX251017P04075000,2025-09-03 19:31:43+00:00,4075.0,1.55,0.8,1.25,0.0,0.0,1.0,511,0.5116015637207032,False,REGULAR,USD,put,^SPX,2025-10-17,2025-09-06 12:54:49.663890,options
SPX251017P04100000,2025-09-05 20:05:55+00:00,4100.0,1.0,0.85,1.3,-0.39999998,-28.571426,6.0,1265,0.5079394909667969,False,REGULAR,USD,put,^SPX,2025-10-17,2025-09-06 12:54:49.663890,options
SPX251017P04125000,2025-09-05 18:56:42+00:00,4125.0,1.15,0.9,1.35,-0.05000007,-4.166672,2.0,502,0.5040943145751953,False,REGULAR,USD,put,^SPX,2025-10-17,2025-09-06 12:54:49.663890,options
SPXW251017P04150000,2025-09-02 13:31:13+00:00,4150.0,2.6,1.0,1.35,0.0,0.0,1.0,97,0.5001881036376954,False,REGULAR,USD,put,^SPX,2025-10-17,2025-09-06 12:54:49.663890,options
SPX251017P04175000,2025-09-03 19:43:05+00:00,4175.0,1.7,0.95,1.4,0.0,0.0,225.0,818,0.5034229345703125,False,REGULAR,USD,put,^SPX,2025-10-17,2025-09-06 12:54:49.663890,options
SPXW251017P04200000,2025-09-05 18:05:38+00:00,4200.0,1.6,1.1,1.45,0.20000005,14.285718,10.0,193,0.49908948181152346,False,REGULAR,USD,put,^SPX,2025-10-17,2025-09-06 12:54:49.663890,options
SPX251017P04225000,2025-09-04 14:11:10+00:00,4225.0,1.6,1.05,1.5,0.0,0.0,1.0,801,0.49469499450683596,False,REGULAR,USD,put,^SPX,2025-10-17,2025-09-06 12:54:49.663890,options
SPX251017P04250000,2025-09-04 13:56:51+00:00,4250.0,1.6,1.05,1.55,0.0,0.0,10.0,2930,0.49023947265625006,False,REGULAR,USD,put,^SPX,2025-10-17,2025-09-06 12:54:49.663890,options
SPX251017P04275000,2025-09-04 13:57:04+00:00,4275.0,1.65,1.1,1.55,0.0,0.0,19.0,830,0.4840139489746094,False,REGULAR,USD,put,^SPX,2025-10-17,2025-09-06 12:54:49.663890,options
SPXW251017P04300000,2025-08-28 19:58:14+00:00,4300.0,1.69,1.3,1.65,-0.20999992,-11.052628,2.0,129,0.48120635986328125,False,REGULAR,USD,put,^SPX,2025-10-17,2025-09-06 12:54:49.663890,options
SPX251017P04325000,2025-09-05 13:53:23+00:00,4325.0,1.45,1.2,1.65,-0.25,-14.705881,4.0,1129,0.475041870727539,False,REGULAR,USD,put,^SPX,2025-10-17,2025-09-06 12:54:49.663890,options
SPXW251017P04350000,2025-09-02 19:54:50+00:00,4350.0,2.73,1.4,1.75,0.0,0.0,3.0,156,0.4720511779785156,False,REGULAR,USD,put,^SPX,2025-10-17,2025-09-06 12:54:49.663890,options
SPX251017P04375000,2025-09-05 18:05:10+00:00,4375.0,1.85,1.35,1.8,0.0,0.0,141.0,2620,0.4674125524902344,False,REGULAR,USD,put,^SPX,2025-10-17,2025-09-06 12:54:49.663890,options
SPXW251017P04400000,2025-09-04 14:33:56+00:00,4400.0,2.0,1.5,1.85,0.0,0.0,11.0,435,0.46271289245605474,False,REGULAR,USD,put,^SPX,2025-10-17,2025-09-06 12:54:49.663890,options
SPX251017P04425000,2025-09-02 17:37:54+00:00,4425.0,3.1,1.45,1.95,0.0,0.0,16.0,876,0.45941702697753906,False,REGULAR,USD,put,^SPX,2025-10-17,2025-09-06 12:54:49.663890,options
SPXW251017P04450000,2025-08-29 14:05:22+00:00,4450.0,2.7,1.6,2.0,0.0,0.0,175.0,480,0.4546258151245117,False,REGULAR,USD,put,^SPX,2025-10-17,2025-09-06 12:54:49.663890,options
SPX251017P04475000,2025-09-05 15:46:04+00:00,4475.0,2.0,1.55,2.05,-0.049999952,-2.439022,89.0,1089,0.4498346032714844,False,REGULAR,USD,put,^SPX,2025-10-17,2025-09-06 12:54:49.663890,options
SPX251017P04500000,2025-09-05 19:25:47+00:00,4500.0,1.9,1.6,2.1,-0.14999998,-7.317072,349.0,10537,0.44501287414550783,False,REGULAR,USD,put,^SPX,2025-10-17,2025-09-06 12:54:49.663890,options
SPX251017P04525000,2025-09-03 16:01:15+00:00,4525.0,2.85,1.65,2.15,0.0,0.0,49.0,1652,0.4401301104736328,False,REGULAR,USD,put,^SPX,2025-10-17,2025-09-06 12:54:49.663890,options
SPXW251017P04550000,2025-09-04 17:27:33+00:00,4550.0,2.25,1.85,2.25,0.0,0.0,33.0,368,0.43646803771972653,False,REGULAR,USD,put,^SPX,2025-10-17,2025-09-06 12:54:49.663890,options
SPX251017P04575000,2025-09-03 16:21:13+00:00,4575.0,3.0,1.8,2.25,0.0,0.0,85.0,4311,0.4303645831298829,False,REGULAR,USD,put,^SPX,2025-10-17,2025-09-06 12:54:49.663890,options
SPX251017P04600000,2025-09-05 15:16:32+00:00,4600.0,2.37,1.85,2.4,0.119999886,5.3333282,21.0,5007,0.42774009765625004,False,REGULAR,USD,put,^SPX,2025-10-17,2025-09-06 12:54:49.663890,options
SPX251017P04625000,2025-09-04 13:46:19+00:00,4625.0,2.25,1.95,2.45,-0.4000001,-15.094343,6.0,699,0.42273526489257807,False,REGULAR,USD,put,^SPX,2025-10-17,2025-09-06 12:54:49.663890,options
SPX251017P04650000,2025-09-05 18:31:11+00:00,4650.0,2.45,2.0,2.55,0.049999952,2.0833313,6.0,2171,0.4187680194091796,False,REGULAR,USD,put,^SPX,2025-10-17,2025-09-06 12:54:49.663890,options
SPX251017P04670000,2025-09-03 15:49:51+00:00,4670.0,3.4,2.1,2.6,0.0,0.0,7.0,213,0.4149533602905273,False,REGULAR,USD,put,^SPX,2025-10-17,2025-09-06 12:54:49.663890,options
SPX251017P04675000,2025-09-04 14:15:41+00:00,4675.0,2.86,2.1,2.6,0.0,0.0,130.0,552,0.4137631866455078,False,REGULAR,USD,put,^SPX,2025-10-17,2025-09-06 12:54:49.663890,options
SPX251017P04680000,2025-09-04 13:45:20+00:00,4680.0,2.85,2.1,2.65,0.0,0.0,20.0,74,0.41354956573486323,False,REGULAR,USD,put,^SPX,2025-10-17,2025-09-06 12:54:49.663890,options
SPX251017P04690000,2025-09-04 13:43:26+00:00,4690.0,2.95,2.15,2.65,0.0,0.0,34.0,204,0.4111081838989258,False,REGULAR,USD,put,^SPX,2025-10-17,2025-09-06 12:54:49.663890,options
SPXW251017P04700000,2025-09-05 17:57:11+00:00,4700.0,2.92,2.35,2.7,0.01999998,0.68965447,42.0,94,0.4096738720703125,False,REGULAR,USD,put,^SPX,2025-10-17,2025-09-06 12:54:49.663890,options
SPX251017P04710000,2025-09-03 17:02:34+00:00,4710.0,3.6,2.2,2.75,0.0,0.0,7.0,439,0.40820904296875,False,REGULAR,USD,put,^SPX,2025-10-17,2025-09-06 12:54:49.663890,options
SPX251017P04720000,2025-09-05 17:57:43+00:00,4720.0,2.95,2.25,2.75,0.0,0.0,14.0,314,0.4057981784057617,False,REGULAR,USD,put,^SPX,2025-10-17,2025-09-06 12:54:49.663890,options
SPX251017P04725000,2025-09-05 17:54:57+00:00,4725.0,2.95,2.25,2.8,0.0,0.0,6.0,839,0.40552352294921873,False,REGULAR,USD,put,^SPX,2025-10-17,2025-09-06 12:54:49.663890,options
SPX251017P04730000,2025-09-05 19:40:40+00:00,4730.0,2.55,2.3,2.8,-1.1500001,-31.081083,80.0,171,0.4043333493041992,False,REGULAR,USD,put,^SPX,2025-10-17,2025-09-06 12:54:49.663890,options
SPX251017P04740000,2025-09-05 16:24:30+00:00,4740.0,2.9,2.3,2.85,-0.049999952,-1.6949136,17.0,279,0.4028380029296875,False,REGULAR,USD,put,^SPX,2025-10-17,2025-09-06 12:54:49.663890,options
SPXW251017P04750000,2025-09-05 18:04:05+00:00,4750.0,3.11,2.5,2.9,0.109999895,3.6666632,40.0,277,0.40131213928222653,False,REGULAR,USD,put,^SPX,2025-10-17,2025-09-06 12:54:49.663890,options
SPX251017P04760000,2025-09-05 16:08:41+00:00,4760.0,3.0,2.4,2.9,0.049999952,1.6949136,6.0,141,0.3989012747192383,False,REGULAR,USD,put,^SPX,2025-10-17,2025-09-06 12:54:49.663890,options
SPX251017P04770000,2025-09-04 19:42:05+00:00,4770.0,2.9,2.45,2.95,0.0,0.0,11.0,198,0.3973754110717773,False,REGULAR,USD,put,^SPX,2025-10-17,2025-09-06 12:54:49.663890,options
SPX251017P04775000,2025-09-03 15:50:04+00:00,4775.0,3.9,2.45,2.95,0.0,0.0,23.0,1529,0.3961852374267578,False,REGULAR,USD,put,^SPX,2025-10-17,2025-09-06 12:54:49.663890,options
SPX251017P04780000,2025-09-05 16:05:33+00:00,4780.0,3.1,2.45,3.0,-0.10000014,-3.1250045,2.0,252,0.39584954742431644,False,REGULAR,USD,put,^SPX,2025-10-17,2025-09-06 12:54:49.663890,options
SPX251017P04790000,2025-09-05 18:48:50+00:00,4790.0,2.95,2.5,3.1,-0.25,-7.8125,6.0,83,0.39514765014648445,False,REGULAR,USD,put,^SPX,2025-10-17,2025-09-06 12:54:49.663890,options
SPXW251017P04800000,2025-09-03 15:22:34+00:00,4800.0,4.0,2.75,3.1,0.0,0.0,1.0,1719,0.3927367855834961,False,REGULAR,USD,put,^SPX,2025-10-17,2025-09-06 12:54:49.663890,options
SPX251017P04810000,2025-09-03 15:33:40+00:00,4810.0,4.1,2.6,3.1,0.0,0.0,30.0,98,0.3903259210205078,False,REGULAR,USD,put,^SPX,2025-10-17,2025-09-06 12:54:49.663890,options
SPX251017P04820000,2025-09-05 16:25:11+00:00,4820.0,3.2,2.6,3.1,0.0,0.0,11.0,165,0.38788453918457033,False,REGULAR,USD,put,^SPX,2025-10-17,2025-09-06 12:54:49.663890,options
SPX251017P04825000,2025-09-04 16:49:47+00:00,4825.0,3.3,2.65,3.2,0.0,0.0,8.0,1317,0.3883422982788086,False,REGULAR,USD,put,^SPX,2025-10-17,2025-09-06 12:54:49.663890,options
SPX251017P04830000,2025-09-05 16:06:14+00:00,4830.0,3.3,2.65,3.2,-0.89999986,-21.428568,2.0,115,0.3871216073608398,False,REGULAR,USD,put,^SPX,2025-10-17,2025-09-06 12:54:49.663890,options
SPX251017P04840000,2025-09-03 16:18:22+00:00,4840.0,4.3,2.7,3.2,0.0,0.0,32.0,100,0.38471074279785156,False,REGULAR,USD,put,^SPX,2025-10-17,2025-09-06 12:54:49.663890,options
SPXW251017P04850000,2025-09-05 14:25:47+00:00,4850.0,3.3,2.95,3.3,-2.6200001,-44.25676,1.0,1397,0.3839172937011719,False,REGULAR,USD,put,^SPX,2025-10-17,2025-09-06 12:54:49.663890,options
SPX251017P04860000,2025-09-05 16:24:20+00:00,4860.0,3.4,2.8,3.3,-0.31999993,-8.602149,5.0,238,0.38150642913818356,False,REGULAR,USD,put,^SPX,2025-10-17,2025-09-06 12:54:49.663890,options
SPX251017P04870000,2025-09-04 16:22:26+00:00,4870.0,3.6,2.8,3.4,0.0,0.0,19.0,132,0.3806214282226562,False,REGULAR,USD,put,^SPX,2025-10-17,2025-09-06 12:54:49.663890,options
SPX251017P04875000,2025-08-25 18:47:10+00:00,4875.0,4.6,2.85,3.4,0.0,0.0,3.0,1731,0.3794312545776367,False,REGULAR,USD,put,^SPX,2025-10-17,2025-09-06 12:54:49.663890,options
SPX251017P04880000,2025-08-26 19:21:38+00:00,4880.0,4.8,2.85,3.4,0.0,0.0,10.0,238,0.3782105636596679,False,REGULAR,USD,put,^SPX,2025-10-17,2025-09-06 12:54:49.663890,options
SPX251017P04890000,2025-09-05 19:17:00+00:00,4890.0,3.2,2.9,3.4,-0.9399998,-22.70531,24.0,337,0.37579969909667965,False,REGULAR,USD,put,^SPX,2025-10-17,2025-09-06 12:54:49.663890,options
SPXW251017P04900000,2025-09-04 19:51:57+00:00,4900.0,3.5,3.1,3.5,0.0,0.0,109.0,1046,0.3748841809082031,False,REGULAR,USD,put,^SPX,2025-10-17,2025-09-06 12:54:49.663890,options
SPX251017P04910000,2025-09-05 14:07:16+00:00,4910.0,3.1,3.0,3.5,-3.6,-53.731346,42.0,373,0.37247331634521486,False,REGULAR,USD,put,^SPX,2025-10-17,2025-09-06 12:54:49.663890,options
SPX251017P04920000,2025-08-27 19:31:22+00:00,4920.0,3.1,3.0,3.6,-1.6100001,-34.182594,5.0,149,0.37152728088378906,False,REGULAR,USD,put,^SPX,2025-10-17,2025-09-06 12:54:49.663890,options
SPX251017P04925000,2025-09-02 18:03:02+00:00,4925.0,3.8,3.1,3.6,-2.1000001,-35.593224,7.0,796,0.37030658996582033,False,REGULAR,USD,put,^SPX,2025-10-17,2025-09-06 12:54:49.663890,options
SPX251017P04930000,2025-08-27 14:43:25+00:00,4930.0,4.63,3.1,3.7,0.0,0.0,165.0,110,0.3705202108764648,False,REGULAR,USD,put,^SPX,2025-10-17,2025-09-06 12:54:49.663890,options
SPX251017P04940000,2025-09-05 14:03:01+00:00,4940.0,3.2,3.1,3.7,-2.1000001,-39.622643,9.0,72,0.3681093463134766,False,REGULAR,USD,put,^SPX,2025-10-17,2025-09-06 12:54:49.663890,options
SPXW251017P04950000,2025-09-04 15:11:24+00:00,4950.0,3.75,3.4,3.8,-0.25,-6.25,1.0,178,0.3670717590332031,False,REGULAR,USD,put,^SPX,2025-10-17,2025-09-06 12:54:49.663890,options
SPX251017P04960000,2025-09-02 19:48:57+00:00,4960.0,5.87,3.2,3.8,0.0,0.0,6.0,127,0.3646608944702149,False,REGULAR,USD,put,^SPX,2025-10-17,2025-09-06 12:54:49.663890,options
SPX251017P04970000,2025-08-28 14:25:56+00:00,4970.0,4.64,3.3,3.9,0.0,0.0,16.0,174,0.3635927899169922,False,REGULAR,USD,put,^SPX,2025-10-17,2025-09-06 12:54:49.663890,options
SPX251017P04975000,2025-08-25 19:49:35+00:00,4975.0,5.3,3.3,3.8,0.0,0.0,8.0,773,0.3610293389892578,False,REGULAR,USD,put,^SPX,2025-10-17,2025-09-06 12:54:49.663890,options
SPX251017P04980000,2025-09-05 14:08:15+00:00,4980.0,3.37,3.3,3.9,-0.74000025,-18.004871,55.0,233,0.36116666671752923,False,REGULAR,USD,put,^SPX,2025-10-17,2025-09-06 12:54:49.663890,options
SPX251017P04990000,2025-09-05 14:02:29+00:00,4990.0,3.37,3.4,4.0,-0.64000034,-15.960108,100.0,373,0.3600527862548828,False,REGULAR,USD,put,^SPX,2025-10-17,2025-09-06 12:54:49.663890,options
SPX251017P05000000,2025-09-05 19:16:47+00:00,5000.0,3.7,3.4,4.0,-0.099999905,-2.6315765,706.0,99124,0.35764192169189457,False,REGULAR,USD,put,^SPX,2025-10-17,2025-09-06 12:54:49.663890,options
SPX251017P05010000,2025-09-04 19:32:12+00:00,5010.0,4.1,3.5,4.1,0.0,0.0,9.0,385,0.3564822653198242,False,REGULAR,USD,put,^SPX,2025-10-17,2025-09-06 12:54:49.663890,options
SPX251017P05020000,2025-09-04 14:03:03+00:00,5020.0,4.6,3.5,4.1,0.0,0.0,3.0,220,0.35407140075683585,False,REGULAR,USD,put,^SPX,2025-10-17,2025-09-06 12:54:49.663890,options
SPXW251017P05025000,2025-09-04 16:29:44+00:00,5025.0,4.5,3.7,4.2,0.0,0.0,8.0,183,0.3541019180297851,False,REGULAR,USD,put,^SPX,2025-10-17,2025-09-06 12:54:49.663890,options
SPX251017P05030000,2025-09-05 19:31:54+00:00,5030.0,4.0,3.6,4.2,-0.30999994,-7.1925745,28.0,327,0.35289648574829097,False,REGULAR,USD,put,^SPX,2025-10-17,2025-09-06 12:54:49.663890,options
SPX251017P05040000,2025-09-04 14:18:26+00:00,5040.0,4.8,3.6,4.2,0.0,0.0,11.0,1539,0.350470362548828,False,REGULAR,USD,put,^SPX,2025-10-17,2025-09-06 12:54:49.663890,options
SPXW251017P05050000,2025-08-22 16:07:00+00:00,5050.0,6.3,3.9,4.3,0.0,0.0,5.0,3211,0.34926493026733396,False,REGULAR,USD,put,^SPX,2025-10-17,2025-09-06 12:54:49.663890,options
SPX251017P05060000,2025-09-05 19:58:45+00:00,5060.0,4.1,3.7,4.4,-3.69,-47.368423,80.0,658,0.34802898071289057,False,REGULAR,USD,put,^SPX,2025-10-17,2025-09-06 12:54:49.663890,options
SPX251017P05070000,2025-09-03 19:10:10+00:00,5070.0,5.8,3.8,4.4,0.0,0.0,49.0,431,0.34561811614990234,False,REGULAR,USD,put,^SPX,2025-10-17,2025-09-06 12:54:49.663890,options
SPX251017P05075000,2025-09-05 18:39:09+00:00,5075.0,4.4,3.8,4.4,-1.3899999,-24.006907,14.0,1195,0.3443974252319336,False,REGULAR,USD,put,^SPX,2025-10-17,2025-09-06 12:54:49.663890,options
SPX251017P05080000,2025-09-04 18:30:53+00:00,5080.0,4.6,3.7,4.5,0.0,0.0,218.0,349,0.34433639068603517,False,REGULAR,USD,put,^SPX,2025-10-17,2025-09-06 12:54:49.663890,options
SPX251017P05090000,2025-09-05 15:01:57+00:00,5090.0,4.9,3.9,4.5,-2.54,-34.139786,79.0,210,0.34192552612304683,False,REGULAR,USD,put,^SPX,2025-10-17,2025-09-06 12:54:49.663890,options
SPX251017P05100000,2025-09-04 17:23:55+00:00,5100.0,3.9,3.9,4.6,-0.7999997,-17.02127,3.0,11711,0.3406132833862304,False,REGULAR,USD,put,^SPX,2025-10-17,2025-09-06 12:54:49.663890,options
SPX251017P05110000,2025-09-02 18:59:11+00:00,5110.0,7.5,4.0,4.7,0.0,0.0,37.0,255,0.339301040649414,False,REGULAR,USD,put,^SPX,2025-10-17,2025-09-06 12:54:49.663890,options
SPX251017P05120000,2025-09-02 14:33:06+00:00,5120.0,7.54,4.1,4.7,0.0,0.0,9.0,136,0.33685965881347657,False,REGULAR,USD,put,^SPX,2025-10-17,2025-09-06 12:54:49.663890,options
SPX251017P05125000,2025-09-02 19:16:27+00:00,5125.0,7.44,4.1,4.8,0.0,0.0,12.0,2372,0.33673758972167966,False,REGULAR,USD,put,^SPX,2025-10-17,2025-09-06 12:54:49.663890,options
SPX251017P05130000,2025-09-02 14:33:24+00:00,5130.0,7.7,4.1,4.8,0.0,0.0,6.0,113,0.33551689880371094,False,REGULAR,USD,put,^SPX,2025-10-17,2025-09-06 12:54:49.663890,options
SPX251017P05140000,2025-09-05 14:20:10+00:00,5140.0,4.7,4.2,4.8,-0.10000038,-2.0833411,40.0,236,0.3331060342407227,False,REGULAR,USD,put,^SPX,2025-10-17,2025-09-06 12:54:49.663890,options
SPX251017P05150000,2025-09-04 14:15:41+00:00,5150.0,4.1,4.2,4.9,-1.4900002,-26.654743,6.0,6823,0.33171749832153324,False,REGULAR,USD,put,^SPX,2025-10-17,2025-09-06 12:54:49.663890,options
SPX251017P05160000,2025-09-03 15:28:33+00:00,5160.0,6.5,4.3,5.0,0.0,0.0,13.0,419,0.3303137037658691,False,REGULAR,USD,put,^SPX,2025-10-17,2025-09-06 12:54:49.663890,options
SPX251017P05170000,2025-09-03 15:35:06+00:00,5170.0,6.6,4.4,5.0,0.0,0.0,10.0,253,0.3278875805664062,False,REGULAR,USD,put,^SPX,2025-10-17,2025-09-06 12:54:49.663890,options
SPX251017P05175000,2025-09-05 14:37:36+00:00,5175.0,5.4,4.4,5.1,-0.01999998,-0.36900333,40.0,733,0.32767395965576174,False,REGULAR,USD,put,^SPX,2025-10-17,2025-09-06 12:54:49.663890,options
SPX251017P05180000,2025-09-05 14:36:20+00:00,5180.0,5.5,4.4,5.1,-1.0999999,-16.666666,3.0,123,0.3264685273742675,False,REGULAR,USD,put,^SPX,2025-10-17,2025-09-06 12:54:49.663890,options
SPX251017P05190000,2025-09-05 16:38:31+00:00,5190.0,5.5,4.5,5.2,-1.1999998,-17.910444,3.0,177,0.3250189569091796,False,REGULAR,USD,put,^SPX,2025-10-17,2025-09-06 12:54:49.663890,options
SPXW251017P05200000,2025-09-05 17:57:11+00:00,5200.0,5.74,4.8,5.3,0.25,4.5537343,26.0,738,0.32355412780761705,False,REGULAR,USD,put,^SPX,2025-10-17,2025-09-06 12:54:49.663890,options
SPX251017P05210000,2025-09-04 13:46:23+00:00,5210.0,5.1,4.5,5.3,-0.8000002,-13.559325,6.0,386,0.3211280046081542,False,REGULAR,USD,put,^SPX,2025-10-17,2025-09-06 12:54:49.663890,options
SPX251017P05220000,2025-09-05 19:54:41+00:00,5220.0,5.13,4.7,5.4,-0.8699999,-14.499998,4.0,464,0.31963265823364245,False,REGULAR,USD,put,^SPX,2025-10-17,2025-09-06 12:54:49.663890,options
SPX251017P05225000,2025-09-03 19:31:05+00:00,5225.0,7.0,4.8,5.4,0.0,0.0,76.0,1452,0.31842722595214834,False,REGULAR,USD,put,^SPX,2025-10-17,2025-09-06 12:54:49.663890,options
SPX251017P05230000,2025-09-03 15:26:31+00:00,5230.0,7.1,4.8,5.5,0.0,0.0,10.0,478,0.3181220532226562,False,REGULAR,USD,put,^SPX,2025-10-17,2025-09-06 12:54:49.663890,options
SPX251017P05240000,2025-09-04 13:48:36+00:00,5240.0,6.2,4.9,5.5,0.0,0.0,20.0,256,0.3156959300231933,False,REGULAR,USD,put,^SPX,2025-10-17,2025-09-06 12:54:49.663890,options
SPX251017P05250000,2025-09-05 19:31:35+00:00,5250.0,5.4,4.9,5.6,-0.19999981,-3.5714254,15.0,5246,0.31417006637573236,False,REGULAR,USD,put,^SPX,2025-10-17,2025-09-06 12:54:49.663890,options
SPX251017P05260000,2025-09-05 13:09:50+00:00,5260.0,4.75,5.0,5.7,-2.5500002,-34.931507,50.0,704,0.31261368545532225,False,REGULAR,USD,put,^SPX,2025-10-17,2025-09-06 12:54:49.663890,options
SPX251017P05270000,2025-09-05 17:42:50+00:00,5270.0,6.2,5.1,5.8,-1.7000003,-21.51899,1.0,237,0.31105730453491204,False,REGULAR,USD,put,^SPX,2025-10-17,2025-09-06 12:54:49.663890,options
SPX251017P05275000,2025-09-04 19:19:48+00:00,5275.0,5.2,5.1,5.8,-0.7000003,-11.864411,2.0,1619,0.30983661361694337,False,REGULAR,USD,put,^SPX,2025-10-17,2025-09-06 12:54:49.663890,options
SPXW251017P05280000,2025-09-02 18:15:22+00:00,5280.0,6.9,5.4,5.8,-2.9999995,-30.303024,7.0,71,0.3086159226989746,False,REGULAR,USD,put,^SPX,2025-10-17,2025-09-06 12:54:49.663890,options
SPXW251017P05290000,2025-09-02 19:33:12+00:00,5290.0,9.26,5.4,6.0,0.0,0.0,9.0,70,0.3078682495117187,False,REGULAR,USD,put,^SPX,2025-10-17,2025-09-06 12:54:49.663890,options
SPXW251017P05300000,2025-09-05 18:52:12+00:00,5300.0,6.1,5.6,6.1,-0.099999905,-1.6129017,39.0,50516,0.3062508340454102,False,REGULAR,USD,put,^SPX,2025-10-17,2025-09-06 12:54:49.663890,options
SPX251017P05310000,2025-09-04 14:20:17+00:00,5310.0,6.83,5.4,6.1,0.0,0.0,2.0,309,0.30380945220947264,False,REGULAR,USD,put,^SPX,2025-10-17,2025-09-06 12:54:49.663890,options
SPX251017P05320000,2025-09-05 15:52:42+00:00,5320.0,6.4,5.5,6.2,-0.19999981,-3.0303001,53.0,261,0.30217677810668947,False,REGULAR,USD,put,^SPX,2025-10-17,2025-09-06 12:54:49.663890,options
SPX251017P05325000,2025-09-04 17:00:51+00:00,5325.0,6.5,5.5,6.2,0.0,0.0,9.0,2229,0.30095608718872074,False,REGULAR,USD,put,^SPX,2025-10-17,2025-09-06 12:54:49.663890,options
SPX251017P05330000,2025-09-02 13:49:00+00:00,5330.0,11.2,5.6,6.3,0.0,0.0,5.0,406,0.30052884536743163,False,REGULAR,USD,put,^SPX,2025-10-17,2025-09-06 12:54:49.663890,options
SPX251017P05340000,2025-09-05 15:04:51+00:00,5340.0,7.2,5.7,6.4,0.6999998,10.769228,18.0,369,0.2988656539916992,False,REGULAR,USD,put,^SPX,2025-10-17,2025-09-06 12:54:49.663890,options
SPX251017P05350000,2025-09-04 19:31:18+00:00,5350.0,5.37,5.7,6.5,-1.2200003,-18.512901,1.0,4911,0.29717194534301755,False,REGULAR,USD,put,^SPX,2025-10-17,2025-09-06 12:54:49.663890,options
SPX251017P05360000,2025-09-04 19:55:45+00:00,5360.0,6.5,5.8,6.5,0.0,0.0,7.0,230,0.29473056350708,False,REGULAR,USD,put,^SPX,2025-10-17,2025-09-06 12:54:49.663890,options
SPX251017P05370000,2025-09-02 19:31:26+00:00,5370.0,10.32,5.8,6.7,0.0,0.0,17.0,384,0.2937692694091796,False,REGULAR,USD,put,^SPX,2025-10-17,2025-09-06 12:54:49.663890,options
SPX251017P05375000,2025-09-05 16:37:23+00:00,5375.0,7.2,6.0,6.7,-1.5,-17.241379,1.0,1167,0.29254857849121085,False,REGULAR,USD,put,^SPX,2025-10-17,2025-09-06 12:54:49.663890,options
SPX251017P05380000,2025-09-02 13:40:06+00:00,5380.0,12.5,6.0,6.7,0.0,0.0,13.0,270,0.2913126289367675,False,REGULAR,USD,put,^SPX,2025-10-17,2025-09-06 12:54:49.663890,options
SPX251017P05390000,2025-09-02 13:51:59+00:00,5390.0,11.5,6.1,6.8,0.0,0.0,28.0,656,0.28958840301513666,False,REGULAR,USD,put,^SPX,2025-10-17,2025-09-06 12:54:49.663890,options
SPX251017P05400000,2025-09-05 17:43:01+00:00,5400.0,7.57,6.2,6.9,0.77,11.323528,397.0,17756,0.28784891845703114,False,REGULAR,USD,put,^SPX,2025-10-17,2025-09-06 12:54:49.663890,options
SPXW251017P05410000,2025-08-25 19:50:34+00:00,5410.0,9.8,6.5,7.1,0.0,0.0,1.0,21,0.2867960725402831,False,REGULAR,USD,put,^SPX,2025-10-17,2025-09-06 12:54:49.663890,options
SPXW251017P05420000,2025-09-03 19:10:10+00:00,5420.0,10.0,6.7,7.2,0.0,0.0,6.0,129,0.2850260707092284,False,REGULAR,USD,put,^SPX,2025-10-17,2025-09-06 12:54:49.663890,options
SPXW251017P05425000,2025-09-05 19:31:12+00:00,5425.0,7.2,6.8,7.3,-2.9000006,-28.712875,12.0,5548,0.28447675979614245,False,REGULAR,USD,put,^SPX,2025-10-17,2025-09-06 12:54:49.663890,options
SPXW251017P05430000,2025-09-05 17:57:41+00:00,5430.0,8.1,6.8,7.3,0.40000057,5.194813,7.0,32,0.2832408102416991,False,REGULAR,USD,put,^SPX,2025-10-17,2025-09-06 12:54:49.663890,options
SPXW251017P05440000,2025-09-03 19:35:17+00:00,5440.0,9.9,6.9,7.5,0.0,0.0,2.0,68,0.2821040418243408,False,REGULAR,USD,put,^SPX,2025-10-17,2025-09-06 12:54:49.663890,options
SPXW251017P05450000,2025-09-05 18:00:21+00:00,5450.0,8.16,7.1,7.5,0.059999466,0.7407341,5.0,202,0.2796245133972168,False,REGULAR,USD,put,^SPX,2025-10-17,2025-09-06 12:54:49.663890,options
SPXW251017P05460000,2025-09-03 19:11:48+00:00,5460.0,10.8,7.1,7.7,0.0,0.0,7.0,58,0.2784495983886719,False,REGULAR,USD,put,^SPX,2025-10-17,2025-09-06 12:54:49.663890,options
SPXW251017P05470000,2025-08-27 18:00:02+00:00,5470.0,10.1,7.2,7.8,0.0,0.0,4.0,44,0.2766033033752441,False,REGULAR,USD,put,^SPX,2025-10-17,2025-09-06 12:54:49.663890,options
SPXW251017P05475000,2025-09-03 18:30:04+00:00,5475.0,7.8,7.4,7.9,-3.1999998,-29.090908,2.0,468,0.2759853285980224,False,REGULAR,USD,put,^SPX,2025-10-17,2025-09-06 12:54:49.663890,options
SPXW251017P05480000,2025-09-02 16:22:32+00:00,5480.0,15.1,7.4,7.9,0.0,0.0,8.0,98,0.27474174972534177,False,REGULAR,USD,put,^SPX,2025-10-17,2025-09-06 12:54:49.663890,options
SPXW251017P05490000,2025-09-04 14:04:39+00:00,5490.0,8.71,7.5,8.1,-0.84000015,-8.795813,2.0,95,0.2734905415344238,False,REGULAR,USD,put,^SPX,2025-10-17,2025-09-06 12:54:49.663890,options
SPX251017P05500000,2025-09-05 18:59:30+00:00,5500.0,7.85,7.3,8.1,-0.1500001,-1.8750012,1076.0,24936,0.2709881251525879,False,REGULAR,USD,put,^SPX,2025-10-17,2025-09-06 12:54:49.663890,options
SPX251017P05510000,2025-09-04 14:35:19+00:00,5510.0,9.0,7.5,8.2,0.0,0.0,23.0,450,0.2690960542297363,False,REGULAR,USD,put,^SPX,2025-10-17,2025-09-06 12:54:49.663890,options
SPXW251017P05520000,2025-09-03 13:35:24+00:00,5520.0,11.91,7.9,8.5,0.0,0.0,2.0,93,0.2683712689971923,False,REGULAR,USD,put,^SPX,2025-10-17,2025-09-06 12:54:49.663890,options
SPXW251017P05525000,2025-09-03 18:30:01+00:00,5525.0,12.0,8.0,8.5,0.0,0.0,1.0,663,0.26711243148803715,False,REGULAR,USD,put,^SPX,2025-10-17,2025-09-06 12:54:49.663890,options
SPXW251017P05530000,2025-09-04 15:38:50+00:00,5530.0,9.43,8.1,8.6,-0.069999695,-0.7368389,1.0,162,0.2664410514831543,False,REGULAR,USD,put,^SPX,2025-10-17,2025-09-06 12:54:49.663890,options
SPX251017P05540000,2025-09-04 18:31:01+00:00,5540.0,9.1,7.9,8.7,0.0,0.0,41.0,5008,0.26450320465087884,False,REGULAR,USD,put,^SPX,2025-10-17,2025-09-06 12:54:49.663890,options
SPX251017P05550000,2025-09-05 19:42:56+00:00,5550.0,8.4,8.0,8.8,-0.35000038,-4.0000043,2079.0,5496,0.2625500991821289,False,REGULAR,USD,put,^SPX,2025-10-17,2025-09-06 12:54:49.663890,options
SPXW251017P05560000,2025-09-02 20:02:01+00:00,5560.0,14.3,8.5,9.1,0.0,0.0,9.0,181,0.2616879862213135,False,REGULAR,USD,put,^SPX,2025-10-17,2025-09-06 12:54:49.663890,options
SPXW251017P05570000,2025-09-03 19:01:58+00:00,5570.0,13.0,8.6,9.2,0.0,0.0,4.0,79,0.259696734161377,False,REGULAR,USD,put,^SPX,2025-10-17,2025-09-06 12:54:49.663890,options
SPX251017P05575000,2025-09-02 19:52:20+00:00,5575.0,14.6,8.4,9.2,0.0,0.0,22.0,6452,0.25843026733398444,False,REGULAR,USD,put,^SPX,2025-10-17,2025-09-06 12:54:49.663890,options
SPXW251017P05580000,2025-09-04 14:30:01+00:00,5580.0,10.6,8.9,9.4,0.0,0.0,1.0,138,0.25823190505981447,False,REGULAR,USD,put,^SPX,2025-10-17,2025-09-06 12:54:49.663890,options
SPXW251017P05590000,2025-09-03 15:40:41+00:00,5590.0,13.0,8.9,9.6,0.0,0.0,1.0,55,0.25674418800354004,False,REGULAR,USD,put,^SPX,2025-10-17,2025-09-06 12:54:49.663890,options
SPXW251017P05600000,2025-09-05 15:37:05+00:00,5600.0,10.3,9.2,9.7,-0.07999992,-0.7707122,1251.0,4574,0.254714789352417,False,REGULAR,USD,put,^SPX,2025-10-17,2025-09-06 12:54:49.663890,options
SPXW251017P05610000,2025-09-01 13:31:32+00:00,5610.0,13.7,9.3,9.9,0.0,0.0,12.0,36,0.25318129638671877,False,REGULAR,USD,put,^SPX,2025-10-17,2025-09-06 12:54:49.663890,options
SPX251017P05620000,2025-09-05 20:00:03+00:00,5620.0,9.6,9.1,9.9,-0.8499994,-8.1339655,10.0,562,0.25063310409545897,False,REGULAR,USD,put,^SPX,2025-10-17,2025-09-06 12:54:49.663890,options
SPX251017P05625000,2025-09-05 19:31:05+00:00,5625.0,9.7,9.2,10.0,-0.8000002,-7.6190495,23.0,4199,0.24985491363525392,False,REGULAR,USD,put,^SPX,2025-10-17,2025-09-06 12:54:49.663890,options
SPX251017P05630000,2025-09-05 18:23:48+00:00,5630.0,10.6,9.3,10.1,-0.5999994,-5.3571377,48.0,188,0.2490614645385742,False,REGULAR,USD,put,^SPX,2025-10-17,2025-09-06 12:54:49.663890,options
SPXW251017P05640000,2025-09-04 19:00:27+00:00,5640.0,10.93,9.8,10.5,0.0,0.0,9.0,66,0.24843586044311522,False,REGULAR,USD,put,^SPX,2025-10-17,2025-09-06 12:54:49.663890,options
SPXW251017P05650000,2025-09-05 18:00:21+00:00,5650.0,11.76,10.0,10.7,0.19000053,1.6421827,17.0,280,0.24680318634033205,False,REGULAR,USD,put,^SPX,2025-10-17,2025-09-06 12:54:49.663890,options
SPXW251017P05660000,2025-09-03 13:16:09+00:00,5660.0,16.2,10.2,10.9,0.0,0.0,40.0,134,0.2451552536010742,False,REGULAR,USD,put,^SPX,2025-10-17,2025-09-06 12:54:49.663890,options
SPXW251017P05670000,2025-09-04 19:00:27+00:00,5670.0,11.63,10.4,11.1,0.0,0.0,38.0,132,0.2434768035888672,False,REGULAR,USD,put,^SPX,2025-10-17,2025-09-06 12:54:49.663890,options
SPXW251017P05675000,2025-09-04 19:06:01+00:00,5675.0,11.7,10.5,11.2,0.0,0.0,10.0,239,0.24262994926452633,False,REGULAR,USD,put,^SPX,2025-10-17,2025-09-06 12:54:49.663890,options
SPXW251017P05680000,2025-09-05 14:30:28+00:00,5680.0,11.2,10.6,11.3,-1.1999998,-9.677419,33.0,121,0.24178309494018557,False,REGULAR,USD,put,^SPX,2025-10-17,2025-09-06 12:54:49.663890,options
SPX251017P05690000,2025-09-05 18:53:21+00:00,5690.0,11.6,10.4,11.6,-0.19999981,-1.6949136,16.0,318,0.24050136947631834,False,REGULAR,USD,put,^SPX,2025-10-17,2025-09-06 12:54:49.663890,options
SPXW251017P05700000,2025-09-05 16:49:42+00:00,5700.0,11.84,11.1,11.8,0.14000034,1.1965841,36.0,722,0.23874662628173826,False,REGULAR,USD,put,^SPX,2025-10-17,2025-09-06 12:54:49.663890,options
SPX251017P05710000,2025-09-04 16:00:08+00:00,5710.0,12.9,11.0,11.9,0.0,0.0,21.0,267,0.23655701194763182,False,REGULAR,USD,put,^SPX,2025-10-17,2025-09-06 12:54:49.663890,options
SPXW251017P05720000,2025-09-04 13:43:37+00:00,5720.0,14.5,11.6,12.3,0.0,0.0,6.0,164,0.2356033471679687,False,REGULAR,USD,put,^SPX,2025-10-17,2025-09-06 12:54:49.663890,options
SPXW251017P05725000,2025-09-05 19:57:18+00:00,5725.0,12.47,11.7,12.4,-1.1300001,-8.308825,33.0,97,0.2347030876159668,False,REGULAR,USD,put,^SPX,2025-10-17,2025-09-06 12:54:49.663890,options
SPXW251017P05730000,2025-09-05 18:05:57+00:00,5730.0,13.97,11.8,12.5,-4.4299994,-24.076084,4.0,137,0.23378756942749018,False,REGULAR,USD,put,^SPX,2025-10-17,2025-09-06 12:54:49.663890,options
SPXW251017P05740000,2025-09-04 15:00:37+00:00,5740.0,14.0,12.1,12.8,0.0,0.0,102.0,260,0.23235325759887693,False,REGULAR,USD,put,^SPX,2025-10-17,2025-09-06 12:54:49.663890,options
SPX251017P05750000,2025-09-05 19:05:09+00:00,5750.0,12.63,12.1,12.8,-0.6700001,-5.037595,395.0,12380,0.2297058841705322,False,REGULAR,USD,put,^SPX,2025-10-17,2025-09-06 12:54:49.663890,options
SPX251017P05755000,2025-09-03 19:52:34+00:00,5755.0,17.05,12.1,13.2,0.0,0.0,39.0,189,0.22994239303588865,False,REGULAR,USD,put,^SPX,2025-10-17,2025-09-06 12:54:49.663890,options
SPXW251017P05760000,2025-09-05 13:45:11+00:00,5760.0,11.32,12.6,13.3,-12.24,-51.952465,5.0,127,0.2289963575744629,False,REGULAR,USD,put,^SPX,2025-10-17,2025-09-06 12:54:49.663890,options
SPX251017P05765000,2025-09-03 15:35:04+00:00,5765.0,18.6,12.4,13.5,0.0,0.0,3.0,95,0.22843178802490233,False,REGULAR,USD,put,^SPX,2025-10-17,2025-09-06 12:54:49.663890,options
SPXW251017P05770000,2025-09-05 13:33:41+00:00,5770.0,14.8,13.1,13.6,1.3000002,9.629631,103.0,161,0.22747049392700192,False,REGULAR,USD,put,^SPX,2025-10-17,2025-09-06 12:54:49.663890,options
SPX251017P05775000,2025-09-04 14:03:08+00:00,5775.0,13.38,12.7,13.6,-2.62,-16.375,34.0,3189,0.22613536323547365,False,REGULAR,USD,put,^SPX,2025-10-17,2025-09-06 12:54:49.663890,options
SPX251017P05780000,2025-09-03 15:34:47+00:00,5780.0,19.4,12.8,13.8,0.0,0.0,8.0,69,0.22554790573120115,False,REGULAR,USD,put,^SPX,2025-10-17,2025-09-06 12:54:49.663890,options
SPX251017P05785000,2025-09-03 15:36:15+00:00,5785.0,19.3,13.0,14.1,0.0,0.0,16.0,366,0.2253037675476074,False,REGULAR,USD,put,^SPX,2025-10-17,2025-09-06 12:54:49.663890,options
SPXW251017P05790000,2025-09-04 14:36:36+00:00,5790.0,15.86,13.5,14.3,0.0,0.0,1.0,130,0.22468579277038572,False,REGULAR,USD,put,^SPX,2025-10-17,2025-09-06 12:54:49.663890,options
SPX251017P05795000,2025-09-03 15:33:40+00:00,5795.0,15.4,13.3,14.4,-4.700001,-23.38309,1.0,232,0.2237016107177734,False,REGULAR,USD,put,^SPX,2025-10-17,2025-09-06 12:54:49.663890,options
SPX251017P05800000,2025-09-05 19:12:45+00:00,5800.0,14.28,13.6,14.3,0.17999935,1.2765912,1538.0,19572,0.22199264343261715,False,REGULAR,USD,put,^SPX,2025-10-17,2025-09-06 12:54:49.663890,options
SPX251017P05805000,2025-09-04 19:57:47+00:00,5805.0,14.28,13.6,14.7,0.0,0.0,5.0,166,0.22206130729675289,False,REGULAR,USD,put,^SPX,2025-10-17,2025-09-06 12:54:49.663890,options
SPX251017P05810000,2025-09-05 18:25:46+00:00,5810.0,15.72,13.8,14.7,-4.38,-21.791046,690.0,1362,0.22071091796874998,False,REGULAR,USD,put,^SPX,2025-10-17,2025-09-06 12:54:49.663890,options
SPX251017P05815000,2025-09-04 19:57:16+00:00,5815.0,14.79,13.9,15.1,0.0,0.0,16.0,287,0.2207414352416992,False,REGULAR,USD,put,^SPX,2025-10-17,2025-09-06 12:54:49.663890,options
SPX251017P05820000,2025-09-05 18:32:19+00:00,5820.0,15.5,14.1,15.0,-0.5400009,-3.366589,49.0,508,0.21904009727478027,False,REGULAR,USD,put,^SPX,2025-10-17,2025-09-06 12:54:49.663890,options
SPX251017P05825000,2025-09-04 07:27:52+00:00,5825.0,17.2,14.3,15.2,-1.6399994,-8.70488,13.0,1682,0.21836108795166015,False,REGULAR,USD,put,^SPX,2025-10-17,2025-09-06 12:54:49.663890,options
SPXW251017P05830000,2025-09-04 16:54:59+00:00,5830.0,13.1,14.8,15.6,-4.0,-23.391813,2.0,92,0.21834582931518554,False,REGULAR,USD,put,^SPX,2025-10-17,2025-09-06 12:54:49.663890,options
SPX251017P05835000,2025-09-05 16:20:19+00:00,5835.0,15.4,14.6,15.8,-3.2000008,-17.204306,14.0,370,0.2176439320373535,False,REGULAR,USD,put,^SPX,2025-10-17,2025-09-06 12:54:49.663890,options
SPXW251017P05840000,2025-09-03 20:02:44+00:00,5840.0,17.0,15.2,16.0,-3.6200008,-17.555775,1.0,62,0.21692677612304687,False,REGULAR,USD,put,^SPX,2025-10-17,2025-09-06 12:54:49.663890,options
SPX251017P05845000,2025-09-03 15:33:47+00:00,5845.0,22.5,14.8,16.1,0.0,0.0,14.0,116,0.2158815595245361,False,REGULAR,USD,put,^SPX,2025-10-17,2025-09-06 12:54:49.663890,options
SPXW251017P05850000,2025-09-05 19:17:48+00:00,5850.0,16.2,15.8,16.3,-0.45999908,-2.7610989,6.0,5573,0.2151491449737549,False,REGULAR,USD,put,^SPX,2025-10-17,2025-09-06 12:54:49.663890,options
SPX251017P05855000,2025-09-04 19:54:50+00:00,5855.0,16.07,15.3,16.5,0.0,0.0,2.0,386,0.21440910110473632,False,REGULAR,USD,put,^SPX,2025-10-17,2025-09-06 12:54:49.663890,options
SPX251017P05860000,2025-09-05 17:48:54+00:00,5860.0,18.75,15.5,16.7,-4.549999,-19.527895,11.0,533,0.2136614279174805,False,REGULAR,USD,put,^SPX,2025-10-17,2025-09-06 12:54:49.663890,options
SPX251017P05865000,2025-09-04 19:52:42+00:00,5865.0,16.8,15.7,16.9,0.0,0.0,2.0,702,0.2129061254119873,False,REGULAR,USD,put,^SPX,2025-10-17,2025-09-06 12:54:49.663890,options
SPX251017P05870000,2025-09-03 13:31:13+00:00,5870.0,24.85,15.9,17.1,0.0,0.0,11.0,178,0.2121355642700195,False,REGULAR,USD,put,^SPX,2025-10-17,2025-09-06 12:54:49.663890,options
SPX251017P05875000,2025-09-05 15:59:26+00:00,5875.0,18.91,16.1,17.1,1.0100002,5.6424594,43.0,3924,0.2107470283508301,False,REGULAR,USD,put,^SPX,2025-10-17,2025-09-06 12:54:49.663890,options
SPX251017P05880000,2025-09-05 18:09:06+00:00,5880.0,19.3,16.3,17.2,0.34999847,1.8469576,298.0,1150,0.20965985050201413,False,REGULAR,USD,put,^SPX,2025-10-17,2025-09-06 12:54:49.663890,options
SPX251017P05885000,2025-09-05 17:58:31+00:00,5885.0,19.9,16.4,17.7,-4.200001,-17.42739,37.0,534,0.20977810493469237,False,REGULAR,USD,put,^SPX,2025-10-17,2025-09-06 12:54:49.663890,options
SPX251017P05890000,2025-09-05 19:53:18+00:00,5890.0,18.0,16.6,17.9,-1.4500008,-7.4550166,19.0,136,0.20897702651977534,False,REGULAR,USD,put,^SPX,2025-10-17,2025-09-06 12:54:49.663890,options
SPX251017P05895000,2025-09-05 19:36:00+00:00,5895.0,17.8,17.1,17.9,-0.5,-2.7322407,90.0,398,0.20757323196411132,False,REGULAR,USD,put,^SPX,2025-10-17,2025-09-06 12:54:49.663890,options
SPX251017P05900000,2025-09-05 18:50:14+00:00,5900.0,18.6,17.4,18.1,0.8500004,4.7887344,801.0,13793,0.20675689491271967,False,REGULAR,USD,put,^SPX,2025-10-17,2025-09-06 12:54:49.663890,options
SPX251017P05905000,2025-09-05 15:07:16+00:00,5905.0,22.25,17.3,18.6,2.4400005,12.317015,5.0,67,0.20679885616302485,False,REGULAR,USD,put,^SPX,2025-10-17,2025-09-06 12:54:49.663890,options
SPXW251017P05910000,2025-09-04 18:43:48+00:00,5910.0,21.17,18.1,18.9,1.0699997,5.3233814,2.0,79,0.20624573059082027,False,REGULAR,USD,put,^SPX,2025-10-17,2025-09-06 12:54:49.663890,options
SPX251017P05915000,2025-09-05 18:07:15+00:00,5915.0,21.1,17.7,19.1,2.4300003,13.015534,15.0,724,0.20539124694824218,False,REGULAR,USD,put,^SPX,2025-10-17,2025-09-06 12:54:49.663890,options
SPXW251017P05920000,2025-09-05 19:06:20+00:00,5920.0,19.42,18.6,19.3,0.37999916,1.9957937,2.0,69,0.2045291339874267,False,REGULAR,USD,put,^SPX,2025-10-17,2025-09-06 12:54:49.663890,options
SPX251017P05925000,2025-09-05 16:42:13+00:00,5925.0,20.7,18.4,19.3,1.4000015,7.2538943,59.0,3805,0.20310245147705075,False,REGULAR,USD,put,^SPX,2025-10-17,2025-09-06 12:54:49.663890,options
SPX251017P05930000,2025-09-05 14:03:15+00:00,5930.0,21.9,18.7,19.5,2.3999996,12.30769,31.0,1409,0.20223270919799802,False,REGULAR,USD,put,^SPX,2025-10-17,2025-09-06 12:54:49.663890,options
SPX251017P05935000,2025-09-05 14:57:50+00:00,5935.0,23.25,18.9,19.8,2.8999996,14.250612,42.0,178,0.20162236373901365,False,REGULAR,USD,put,^SPX,2025-10-17,2025-09-06 12:54:49.663890,options
SPX251017P05940000,2025-09-05 15:02:55+00:00,5940.0,25.01,19.2,20.0,5.51,28.25641,143.0,257,0.20073354816436767,False,REGULAR,USD,put,^SPX,2025-10-17,2025-09-06 12:54:49.663890,options
SPXW251017P05945000,2025-09-05 13:55:38+00:00,5945.0,18.05,19.8,20.6,-3.3500004,-15.654208,5.0,65,0.20090139316558836,False,REGULAR,USD,put,^SPX,2025-10-17,2025-09-06 12:54:49.663890,options
SPX251017P05950000,2025-09-05 19:08:43+00:00,5950.0,20.74,19.7,20.5,-0.13999939,-0.6704952,1528.0,5674,0.19918861122131346,False,REGULAR,USD,put,^SPX,2025-10-17,2025-09-06 12:54:49.663890,options
SPXW251017P05955000,2025-09-05 15:39:23+00:00,5955.0,22.55,20.3,21.1,0.54999924,2.4999964,1.0,51,0.1993221242904663,False,REGULAR,USD,put,^SPX,2025-10-17,2025-09-06 12:54:49.663890,options
SPX251017P05960000,2025-09-05 14:27:59+00:00,5960.0,22.67,20.2,21.1,2.17,10.585366,25.0,1556,0.1978687391662598,False,REGULAR,USD,put,^SPX,2025-10-17,2025-09-06 12:54:49.663890,options
SPXW251017P05965000,2025-09-04 19:58:20+00:00,5965.0,18.98,20.9,21.7,-2.3500004,-11.017348,4.0,113,0.19795647632598878,False,REGULAR,USD,put,^SPX,2025-10-17,2025-09-06 12:54:49.663890,options
SPX251017P05970000,2025-09-05 19:52:29+00:00,5970.0,22.07,20.4,21.9,-0.35000038,-1.5611079,41.0,773,0.196998996887207,False,REGULAR,USD,put,^SPX,2025-10-17,2025-09-06 12:54:49.663890,options
SPX251017P05975000,2025-09-05 15:12:44+00:00,5975.0,27.49,21.0,21.9,6.289999,29.669806,102.0,2142,0.19553416778564453,False,REGULAR,USD,put,^SPX,2025-10-17,2025-09-06 12:54:49.663890,options
SPX251017P05980000,2025-09-05 14:09:19+00:00,5980.0,20.5,21.0,22.4,-1.7099991,-7.699231,73.0,312,0.19531673221588136,False,REGULAR,USD,put,^SPX,2025-10-17,2025-09-06 12:54:49.663890,options
SPXW251017P05985000,2025-09-05 18:07:29+00:00,5985.0,25.6,22.0,22.8,1.3999996,5.785122,18.0,41,0.1948322705078125,False,REGULAR,USD,put,^SPX,2025-10-17,2025-09-06 12:54:49.663890,options
SPXW251017P05990000,2025-09-05 18:48:35+00:00,5990.0,24.0,22.3,23.1,-1.1000004,-4.3824716,9.0,128,0.19408459732055666,False,REGULAR,USD,put,^SPX,2025-10-17,2025-09-06 12:54:49.663890,options
SPXW251017P05995000,2025-09-05 18:06:18+00:00,5995.0,26.4,22.6,23.4,3.8999996,17.333332,4.0,86,0.19332166549682617,False,REGULAR,USD,put,^SPX,2025-10-17,2025-09-06 12:54:49.663890,options
SPXW251017P06000000,2025-09-05 18:48:35+00:00,6000.0,24.07,23.1,23.8,1.2700005,5.5701776,115.0,1614,0.19278761322021482,False,REGULAR,USD,put,^SPX,2025-10-17,2025-09-06 12:54:49.663890,options
SPX251017P06005000,2025-09-05 15:30:28+00:00,6005.0,25.75,22.4,24.0,-5.8500004,-18.51266,6.0,208,0.1917690992355347,False,REGULAR,USD,put,^SPX,2025-10-17,2025-09-06 12:54:49.663890,options
SPXW251017P06010000,2025-09-05 13:33:25+00:00,6010.0,20.15,23.5,24.4,-14.15,-41.253643,1.0,85,0.1912083443450928,False,REGULAR,USD,put,^SPX,2025-10-17,2025-09-06 12:54:49.663890,options
SPX251017P06015000,2025-09-03 19:52:16+00:00,6015.0,31.9,23.0,24.5,0.0,0.0,27.0,831,0.18993424819946292,False,REGULAR,USD,put,^SPX,2025-10-17,2025-09-06 12:54:49.663890,options
SPXW251017P06020000,2025-09-05 16:57:00+00:00,6020.0,27.13,24.2,25.0,1.4799995,5.769979,7.0,121,0.18957948490142823,False,REGULAR,USD,put,^SPX,2025-10-17,2025-09-06 12:54:49.663890,options
SPXW251017P06025000,2025-09-05 18:21:34+00:00,6025.0,27.1,24.5,25.4,1.1499996,4.4315977,14.0,232,0.18897676876068115,False,REGULAR,USD,put,^SPX,2025-10-17,2025-09-06 12:54:49.663890,options
SPXW251017P06030000,2025-09-04 20:04:48+00:00,6030.0,27.25,24.8,25.7,2.0499992,8.134917,2.0,139,0.18813372909545895,False,REGULAR,USD,put,^SPX,2025-10-17,2025-09-06 12:54:49.663890,options
SPXW251017P06035000,2025-09-05 13:45:11+00:00,6035.0,28.4,25.2,26.0,-2.130001,-6.9767475,3.0,27,0.18727543079376224,False,REGULAR,USD,put,^SPX,2025-10-17,2025-09-06 12:54:49.663890,options
SPX251017P06040000,2025-09-05 18:27:45+00:00,6040.0,28.07,24.7,26.3,-0.13000107,-0.46099666,3.0,257,0.18640950317382812,False,REGULAR,USD,put,^SPX,2025-10-17,2025-09-06 12:54:49.663890,options
SPX251017P06045000,2025-09-05 18:39:02+00:00,6045.0,27.37,25.0,26.5,-3.58,-11.567042,14.0,196,0.18531469600677486,False,REGULAR,USD,put,^SPX,2025-10-17,2025-09-06 12:54:49.663890,options
SPX251017P06050000,2025-09-05 20:13:53+00:00,6050.0,26.2,25.8,26.7,0.48000145,1.8662575,305.0,7060,0.18421225952148437,False,REGULAR,USD,put,^SPX,2025-10-17,2025-09-06 12:54:49.663890,options
SPX251017P06055000,2025-09-05 18:27:45+00:00,6055.0,29.22,25.7,27.4,-5.08,-14.810495,1.0,494,0.18417792758941653,False,REGULAR,USD,put,^SPX,2025-10-17,2025-09-06 12:54:49.663890,options
SPX251017P06060000,2025-09-04 18:31:51+00:00,6060.0,26.8,26.4,27.4,-1.9700012,-6.8474145,1.0,1626,0.18262536132812499,False,REGULAR,USD,put,^SPX,2025-10-17,2025-09-06 12:54:49.663890,options
SPXW251017P06065000,2025-09-04 19:51:56+00:00,6065.0,34.6,27.3,28.2,6.1499977,21.616863,15.0,41,0.18275887439727784,False,REGULAR,USD,put,^SPX,2025-10-17,2025-09-06 12:54:49.663890,options
SPXW251017P06070000,2025-09-05 19:24:44+00:00,6070.0,28.15,27.9,28.6,-11.449999,-28.914139,518.0,77,0.1820302745056152,False,REGULAR,USD,put,^SPX,2025-10-17,2025-09-06 12:54:49.663890,options
SPX251017P06075000,2025-09-05 19:02:29+00:00,6075.0,29.6,27.5,28.6,2.5,9.225092,29.0,2266,0.18046244960784913,False,REGULAR,USD,put,^SPX,2025-10-17,2025-09-06 12:54:49.663890,options
SPX251017P06080000,2025-09-05 18:39:02+00:00,6080.0,30.07,27.9,29.0,-0.4300003,-1.409837,71.0,458,0.1797109617614746,False,REGULAR,USD,put,^SPX,2025-10-17,2025-09-06 12:54:49.663890,options
SPX251017P06085000,2025-09-05 15:28:08+00:00,6085.0,32.35,28.3,29.4,2.5499992,8.557045,22.0,1406,0.1789480299377441,False,REGULAR,USD,put,^SPX,2025-10-17,2025-09-06 12:54:49.663890,options
SPX251017P06090000,2025-09-05 14:17:09+00:00,6090.0,29.05,28.4,30.0,0.21999931,0.7630916,3.0,195,0.17857037868499753,False,REGULAR,USD,put,^SPX,2025-10-17,2025-09-06 12:54:49.663890,options
SPX251017P06095000,2025-09-05 16:20:48+00:00,6095.0,32.05,28.8,30.5,2.8999996,9.948541,7.0,107,0.17797147720336914,False,REGULAR,USD,put,^SPX,2025-10-17,2025-09-06 12:54:49.663890,options
SPXW251017P06100000,2025-09-05 20:14:39+00:00,6100.0,30.7,30.3,31.0,0.55000114,1.8242161,183.0,2227,0.17735350242614747,False,REGULAR,USD,put,^SPX,2025-10-17,2025-09-06 12:54:49.663890,options
SPXW251017P06105000,2025-09-04 18:40:52+00:00,6105.0,35.07,30.6,31.5,2.1699982,6.595739,1.0,109,0.1767202690124512,False,REGULAR,USD,put,^SPX,2025-10-17,2025-09-06 12:54:49.663890,options
SPX251017P06110000,2025-09-05 19:18:54+00:00,6110.0,30.91,30.0,31.8,-6.6800003,-17.770683,1.0,856,0.17568649639129635,False,REGULAR,USD,put,^SPX,2025-10-17,2025-09-06 12:54:49.663890,options
SPXW251017P06115000,2025-09-05 16:15:57+00:00,6115.0,33.72,31.4,32.4,-0.07999802,-0.23668052,26.0,80,0.17521347866058345,False,REGULAR,USD,put,^SPX,2025-10-17,2025-09-06 12:54:49.663890,options
SPX251017P06120000,2025-09-05 19:58:54+00:00,6120.0,32.37,31.2,32.2,-3.3400002,-9.353123,12.0,3007,0.17321078262329104,False,REGULAR,USD,put,^SPX,2025-10-17,2025-09-06 12:54:49.663890,options
SPXW251017P06125000,2025-09-05 19:45:52+00:00,6125.0,32.8,32.3,33.3,0.94999886,2.982728,43.0,243,0.1736456537628174,False,REGULAR,USD,put,^SPX,2025-10-17,2025-09-06 12:54:49.663890,options
SPX251017P06130000,2025-09-05 19:47:42+00:00,6130.0,33.08,32.1,33.2,-22.949997,-40.960197,126.0,1356,0.17182224670410157,False,REGULAR,USD,put,^SPX,2025-10-17,2025-09-06 12:54:49.663890,options
SPXW251017P06135000,2025-09-05 17:41:02+00:00,6135.0,37.69,33.3,34.2,-18.690002,-33.150055,3.0,116,0.17201679431915284,False,REGULAR,USD,put,^SPX,2025-10-17,2025-09-06 12:54:49.663890,options
SPXW251017P06140000,2025-09-05 19:52:06+00:00,6140.0,35.7,33.8,34.7,-1.0200005,-2.7777789,23.0,222,0.17127293579101563,False,REGULAR,USD,put,^SPX,2025-10-17,2025-09-06 12:54:49.663890,options
SPXW251017P06145000,2025-09-02 16:02:43+00:00,6145.0,30.65,34.2,35.2,-38.449997,-55.643993,1.0,137,0.17051000396728522,False,REGULAR,USD,put,^SPX,2025-10-17,2025-09-06 12:54:49.663890,options
SPXW251017P06150000,2025-09-05 19:52:06+00:00,6150.0,36.7,34.9,35.6,1.0300026,2.887588,1371.0,2575,0.16955252452850345,False,REGULAR,USD,put,^SPX,2025-10-17,2025-09-06 12:54:49.663890,options
SPXW251017P06155000,2025-09-05 18:48:45+00:00,6155.0,37.57,35.2,36.2,-1.5299988,-3.9130404,7.0,81,0.16893836441040044,False,REGULAR,USD,put,^SPX,2025-10-17,2025-09-06 12:54:49.663890,options
SPXW251017P06160000,2025-09-05 18:40:05+00:00,6160.0,38.6,35.8,36.7,-10.690002,-21.687975,1.0,57,0.1681296566772461,False,REGULAR,USD,put,^SPX,2025-10-17,2025-09-06 12:54:49.663890,options
SPXW251017P06165000,2025-09-05 10:49:46+00:00,6165.0,33.29,36.3,37.3,-7.41,-18.206388,1.0,82,0.16747544263839723,False,REGULAR,USD,put,^SPX,2025-10-17,2025-09-06 12:54:49.663890,options
SPXW251017P06170000,2025-09-05 18:48:45+00:00,6170.0,39.17,36.8,37.8,0.41999817,1.0838662,12.0,125,0.16663431030273443,False,REGULAR,USD,put,^SPX,2025-10-17,2025-09-06 12:54:49.663890,options
SPXW251017P06175000,2025-09-05 20:11:25+00:00,6175.0,38.08,37.3,38.3,-0.5699997,-1.4747728,37.0,197,0.16577601200103764,False,REGULAR,USD,put,^SPX,2025-10-17,2025-09-06 12:54:49.663890,options
SPXW251017P06180000,2025-09-05 19:29:08+00:00,6180.0,38.35,37.9,38.9,-2.5699997,-6.2805467,47.0,418,0.1650683927345276,False,REGULAR,USD,put,^SPX,2025-10-17,2025-09-06 12:54:49.663890,options
SPXW251017P06185000,2025-09-05 17:01:15+00:00,6185.0,41.72,38.4,39.4,1.6200027,4.039907,16.0,56,0.16417766983032228,False,REGULAR,USD,put,^SPX,2025-10-17,2025-09-06 12:54:49.663890,options
SPXW251017P06190000,2025-09-05 19:59:42+00:00,6190.0,39.98,39.0,40.0,-0.86999893,-2.1297405,22.0,104,0.16343762596130376,False,REGULAR,USD,put,^SPX,2025-10-17,2025-09-06 12:54:49.663890,options
SPXW251017P06195000,2025-09-05 17:57:41+00:00,6195.0,46.1,39.7,40.5,2.619999,6.0257564,61.0,26,0.16251447845458983,False,REGULAR,USD,put,^SPX,2025-10-17,2025-09-06 12:54:49.663890,options
SPX251017P06200000,2025-09-05 19:46:52+00:00,6200.0,40.4,39.2,40.4,2.1000023,5.4830346,2949.0,18144,0.1606014269065857,False,REGULAR,USD,put,^SPX,2025-10-17,2025-09-06 12:54:49.663890,options
SPX251017P06205000,2025-09-05 19:59:04+00:00,6205.0,40.98,39.5,41.4,-2.1100006,-4.896729,16.0,558,0.1604621918487549,False,REGULAR,USD,put,^SPX,2025-10-17,2025-09-06 12:54:49.663890,options
SPXW251017P06210000,2025-09-05 19:03:56+00:00,6210.0,43.4,41.5,42.3,-0.79999924,-1.809953,29.0,121,0.16013031650543214,False,REGULAR,USD,put,^SPX,2025-10-17,2025-09-06 12:54:49.663890,options
SPX251017P06215000,2025-09-05 18:27:45+00:00,6215.0,45.6,40.7,42.7,-1.1500015,-2.4598963,2.0,409,0.15898401144027713,False,REGULAR,USD,put,^SPX,2025-10-17,2025-09-06 12:54:49.663890,options
SPX251017P06220000,2025-09-05 19:46:42+00:00,6220.0,42.41,41.3,43.3,-0.13999939,-0.32902324,10.0,767,0.15813906444549558,False,REGULAR,USD,put,^SPX,2025-10-17,2025-09-06 12:54:49.663890,options
SPXW251017P06225000,2025-09-05 20:11:25+00:00,6225.0,43.97,43.2,44.3,1.6399994,3.874319,8.0,904,0.15789492626190182,False,REGULAR,USD,put,^SPX,2025-10-17,2025-09-06 12:54:49.663890,options
SPX251017P06230000,2025-09-05 18:27:45+00:00,6230.0,44.05,42.9,44.2,-1.3400002,-2.9521925,247.0,835,0.1559322841453552,False,REGULAR,USD,put,^SPX,2025-10-17,2025-09-06 12:54:49.663890,options
SPX251017P06235000,2025-09-05 19:47:16+00:00,6235.0,44.2,43.2,45.1,-1.0999985,-2.4282527,10.0,735,0.15549550567626952,False,REGULAR,USD,put,^SPX,2025-10-17,2025-09-06 12:54:49.663890,options
SPX251017P06240000,2025-09-05 13:30:02+00:00,6240.0,37.51,43.8,45.9,-16.190002,-30.14898,2.0,735,0.15487943822860722,False,REGULAR,USD,put,^SPX,2025-10-17,2025-09-06 12:54:49.663890,options
SPX251017P06245000,2025-09-03 19:41:49+00:00,6245.0,47.48,44.5,46.6,-13.82,-22.54486,1.0,329,0.1540917111206055,False,REGULAR,USD,put,^SPX,2025-10-17,2025-09-06 12:54:49.663890,options
SPXW251017P06250000,2025-09-05 19:47:35+00:00,6250.0,47.67,46.6,47.5,2.0199966,4.424965,169.0,534,0.15358054679870606,False,REGULAR,USD,put,^SPX,2025-10-17,2025-09-06 12:54:49.663890,options
SPXW251017P06255000,2025-09-05 15:30:36+00:00,6255.0,52.64,47.2,48.3,2.6399994,5.279999,11.0,79,0.15289772281646735,False,REGULAR,USD,put,^SPX,2025-10-17,2025-09-06 12:54:49.663890,options
SPX251017P06260000,2025-09-05 19:56:25+00:00,6260.0,48.33,46.5,48.5,-1.0699997,-2.1659913,29.0,571,0.15131654661178592,False,REGULAR,USD,put,^SPX,2025-10-17,2025-09-06 12:54:49.663890,options
SPXW251017P06265000,2025-09-05 19:45:58+00:00,6265.0,49.75,48.7,49.9,-1.75,-3.3980582,14.0,86,0.15146341098785404,False,REGULAR,USD,put,^SPX,2025-10-17,2025-09-06 12:54:49.663890,options
SPX251017P06270000,2025-09-04 18:12:22+00:00,6270.0,57.85,48.0,50.1,7.0,13.765979,7.0,681,0.1498536248397827,False,REGULAR,USD,put,^SPX,2025-10-17,2025-09-06 12:54:49.663890,options
SPXW251017P06275000,2025-09-05 19:55:23+00:00,6275.0,51.4,50.2,51.2,2.4700012,5.0480304,27.0,298,0.1495141201782227,False,REGULAR,USD,put,^SPX,2025-10-17,2025-09-06 12:54:49.663890,options
SPX251017P06280000,2025-09-04 15:48:51+00:00,6280.0,51.55,49.4,51.6,-3.130001,-5.7242155,11.0,203,0.14815610153198244,False,REGULAR,USD,put,^SPX,2025-10-17,2025-09-06 12:54:49.663890,options
SPXW251017P06285000,2025-09-05 17:42:12+00:00,6285.0,52.36,51.7,52.8,-1.6399994,-3.037036,45.0,90,0.14790814868927005,False,REGULAR,USD,put,^SPX,2025-10-17,2025-09-06 12:54:49.663890,options
SPXW251017P06290000,2025-09-05 14:34:45+00:00,6290.0,58.7,52.5,53.6,3.880001,7.077711,3.0,97,0.14707273834228518,False,REGULAR,USD,put,^SPX,2025-10-17,2025-09-06 12:54:49.663890,options
SPXW251017P06295000,2025-09-05 17:36:45+00:00,6295.0,58.55,53.3,54.4,4.7599983,8.849225,8.0,151,0.14621253271102902,False,REGULAR,USD,put,^SPX,2025-10-17,2025-09-06 12:54:49.663890,options
SPX251017P06300000,2025-09-05 19:55:53+00:00,6300.0,54.05,52.9,54.2,1.9300003,3.7029936,1665.0,14554,0.14396379116058344,False,REGULAR,USD,put,^SPX,2025-10-17,2025-09-06 12:54:49.663890,options
SPX251017P06305000,2025-09-05 19:55:53+00:00,6305.0,54.85,53.4,55.5,2.2699966,4.3172245,50.0,53,0.14375017024993897,False,REGULAR,USD,put,^SPX,2025-10-17,2025-09-06 12:54:49.663890,options
SPX251017P06310000,2025-09-05 19:05:21+00:00,6310.0,56.46,54.2,56.3,-14.440002,-20.366716,31.0,296,0.14283083740234376,False,REGULAR,USD,put,^SPX,2025-10-17,2025-09-06 12:54:49.663890,options
SPX251017P06315000,2025-09-05 19:48:58+00:00,6315.0,56.6,55.1,57.3,-14.650002,-20.561405,2.0,239,0.1421556427383423,False,REGULAR,USD,put,^SPX,2025-10-17,2025-09-06 12:54:49.663890,options
SPX251017P06320000,2025-09-05 19:48:59+00:00,6320.0,57.5,55.9,58.1,0.5999985,1.0544788,2.0,171,0.14119053398132328,False,REGULAR,USD,put,^SPX,2025-10-17,2025-09-06 12:54:49.663890,options
SPX251017P06325000,2025-09-05 19:59:29+00:00,6325.0,58.61,57.1,58.6,0.31000137,0.53173476,90.0,2990,0.13980581272125248,False,REGULAR,USD,put,^SPX,2025-10-17,2025-09-06 12:54:49.663890,options
SPX251017P06330000,2025-09-05 19:48:59+00:00,6330.0,59.3,57.7,59.9,2.119999,3.7075882,10.0,161,0.1394491420936585,False,REGULAR,USD,put,^SPX,2025-10-17,2025-09-06 12:54:49.663890,options
SPX251017P06335000,2025-09-05 19:48:59+00:00,6335.0,60.2,58.6,60.8,0.5400009,0.9051306,20.0,187,0.13854316055297855,False,REGULAR,USD,put,^SPX,2025-10-17,2025-09-06 12:54:49.663890,options
SPXW251017P06340000,2025-09-05 14:42:42+00:00,6340.0,72.07,61.1,62.3,11.549999,19.084599,2.0,105,0.1383829448699951,False,REGULAR,USD,put,^SPX,2025-10-17,2025-09-06 12:54:49.663890,options
SPX251017P06345000,2025-09-05 17:28:07+00:00,6345.0,65.95,60.8,62.3,2.7499962,4.3512597,46.0,124,0.13626962371826173,False,REGULAR,USD,put,^SPX,2025-10-17,2025-09-06 12:54:49.663890,options
SPX251017P06350000,2025-09-05 19:54:48+00:00,6350.0,64.53,61.7,63.2,5.8199997,9.913133,1168.0,9521,0.13528925632476813,False,REGULAR,USD,put,^SPX,2025-10-17,2025-09-06 12:54:49.663890,options
SPX251017P06355000,2025-09-05 20:13:55+00:00,6355.0,63.5,62.7,64.2,-1.0299988,-1.596155,4.0,1549,0.13441188472747806,False,REGULAR,USD,put,^SPX,2025-10-17,2025-09-06 12:54:49.663890,options
SPX251017P06360000,2025-09-05 19:01:51+00:00,6360.0,68.1,63.7,65.2,6.2699966,10.140703,311.0,147,0.1335078105163574,False,REGULAR,USD,put,^SPX,2025-10-17,2025-09-06 12:54:49.663890,options
SPX251017P06365000,2025-09-05 18:22:56+00:00,6365.0,70.65,64.3,66.6,3.6200027,5.4005713,2.0,311,0.13307484670639036,False,REGULAR,USD,put,^SPX,2025-10-17,2025-09-06 12:54:49.663890,options
SPX251017P06370000,2025-09-05 18:47:43+00:00,6370.0,69.96,65.3,67.7,4.3600006,6.6463428,17.0,310,0.13223562170028685,False,REGULAR,USD,put,^SPX,2025-10-17,2025-09-06 12:54:49.663890,options
SPXW251017P06375000,2025-09-05 13:50:19+00:00,6375.0,70.7,68.1,69.3,1.9799957,2.881251,10.0,200,0.1319838541984558,False,REGULAR,USD,put,^SPX,2025-10-17,2025-09-06 12:54:49.663890,options
SPXW251017P06380000,2025-09-05 19:58:52+00:00,6380.0,70.9,69.2,70.1,2.9800034,4.38752,57.0,125,0.1307154800415039,False,REGULAR,USD,put,^SPX,2025-10-17,2025-09-06 12:54:49.663890,options
SPX251017P06385000,2025-09-05 13:59:58+00:00,6385.0,73.43,68.5,70.9,4.050003,5.837422,23.0,469,0.12942231060028075,False,REGULAR,USD,put,^SPX,2025-10-17,2025-09-06 12:54:49.663890,options
SPXW251017P06390000,2025-09-05 17:58:10+00:00,6390.0,81.0,71.4,72.3,3.6900024,4.772995,524.0,98,0.1288291311073303,False,REGULAR,USD,put,^SPX,2025-10-17,2025-09-06 12:54:49.663890,options
SPX251017P06395000,2025-09-05 17:52:31+00:00,6395.0,80.68,70.7,73.1,11.220001,16.153183,28.0,135,0.12748064910888673,False,REGULAR,USD,put,^SPX,2025-10-17,2025-09-06 12:54:49.663890,options
SPX251017P06400000,2025-09-05 20:01:28+00:00,6400.0,73.0,72.3,73.9,4.010002,5.81244,672.0,13631,0.12610355716705324,False,REGULAR,USD,put,^SPX,2025-10-17,2025-09-06 12:54:49.663890,options
SPX251017P06405000,2025-09-05 16:53:43+00:00,6405.0,81.57,73.1,75.5,11.989998,17.231958,6.0,130,0.12565533472061158,False,REGULAR,USD,put,^SPX,2025-10-17,2025-09-06 12:54:49.663890,options
SPXW251017P06410000,2025-09-04 19:55:16+00:00,6410.0,79.65,76.2,77.4,5.4500046,7.34502,7.0,139,0.12552563631057742,False,REGULAR,USD,put,^SPX,2025-10-17,2025-09-06 12:54:49.663890,options
SPXW251017P06415000,2025-09-04 18:30:18+00:00,6415.0,79.2,77.4,78.6,-0.6000061,-0.7518873,2.0,42,0.1245281029510498,False,REGULAR,USD,put,^SPX,2025-10-17,2025-09-06 12:54:49.663890,options
SPXW251017P06420000,2025-09-05 18:16:44+00:00,6420.0,85.4,78.7,79.9,9.400002,12.3684225,27.0,108,0.1236163994216919,False,REGULAR,USD,put,^SPX,2025-10-17,2025-09-06 12:54:49.663890,options
SPXW251017P06425000,2025-09-05 20:10:22+00:00,6425.0,81.07,80.0,81.2,3.8700027,5.012957,22.0,227,0.12266845663070677,False,REGULAR,USD,put,^SPX,2025-10-17,2025-09-06 12:54:49.663890,options
SPXW251017P06430000,2025-09-05 20:10:22+00:00,6430.0,82.37,81.3,82.6,3.9700012,5.063777,29.0,212,0.12180443634033203,False,REGULAR,USD,put,^SPX,2025-10-17,2025-09-06 12:54:49.663890,options
SPX251017P06435000,2025-09-05 15:24:21+00:00,6435.0,88.15,81.2,82.9,3.2000046,3.7669272,168.0,2354,0.11962245132446289,False,REGULAR,USD,put,^SPX,2025-10-17,2025-09-06 12:54:49.663890,options
SPX251017P06440000,2025-09-05 19:23:54+00:00,6440.0,82.78,82.6,84.3,-5.3199997,-6.0385923,55.0,1049,0.11868976716995239,False,REGULAR,USD,put,^SPX,2025-10-17,2025-09-06 12:54:49.663890,options
SPX251017P06445000,2025-09-05 14:49:00+00:00,6445.0,100.75,83.5,86.0,13.050003,14.880278,20.0,623,0.11806416307449341,False,REGULAR,USD,put,^SPX,2025-10-17,2025-09-06 12:54:49.663890,options
SPXW251017P06450000,2025-09-05 20:12:30+00:00,6450.0,87.5,87.0,87.9,0.83999634,0.96930104,316.0,366,0.11762929193496705,False,REGULAR,USD,put,^SPX,2025-10-17,2025-09-06 12:54:49.663890,options
SPXW251017P06455000,2025-09-05 18:35:45+00:00,6455.0,90.4,88.5,89.7,-11.799995,-11.545984,38.0,56,0.11703611244201659,False,REGULAR,USD,put,^SPX,2025-10-17,2025-09-06 12:54:49.663890,options
SPXW251017P06460000,2025-09-05 19:31:07+00:00,6460.0,91.2,90.0,91.2,-1.4000015,-1.5118808,26.0,197,0.11605955970764159,False,REGULAR,USD,put,^SPX,2025-10-17,2025-09-06 12:54:49.663890,options
SPXW251017P06465000,2025-09-05 18:19:19+00:00,6465.0,98.1,91.5,92.5,-6.9000015,-6.57143,106.0,246,0.11481216617584229,False,REGULAR,USD,put,^SPX,2025-10-17,2025-09-06 12:54:49.663890,options
SPXW251017P06470000,2025-09-05 18:07:01+00:00,6470.0,103.2,93.1,94.4,3.0199966,3.0145705,23.0,55,0.11420945003509522,False,REGULAR,USD,put,^SPX,2025-10-17,2025-09-06 12:54:49.663890,options
SPX251017P06475000,2025-09-05 17:41:50+00:00,6475.0,95.3,93.3,95.0,2.9300003,3.172026,156.0,1395,0.11207896291732786,False,REGULAR,USD,put,^SPX,2025-10-17,2025-09-06 12:54:49.663890,options
SPX251017P06480000,2025-09-05 19:23:54+00:00,6480.0,95.03,94.3,96.9,4.4300003,4.8896255,8.0,249,0.11138850961685182,False,REGULAR,USD,put,^SPX,2025-10-17,2025-09-06 12:54:49.663890,options
SPX251017P06485000,2025-09-05 14:34:55+00:00,6485.0,106.27,96.0,98.6,8.889999,9.129185,2.0,142,0.11042530818939209,True,REGULAR,USD,put,^SPX,2025-10-17,2025-09-06 12:54:49.663890,options
SPXW251017P06490000,2025-09-05 19:31:07+00:00,6490.0,101.2,99.9,101.1,6.199997,6.5263124,17.0,85,0.11032803438186645,True,REGULAR,USD,put,^SPX,2025-10-17,2025-09-06 12:54:49.663890,options
SPX251017P06495000,2025-09-05 18:40:46+00:00,6495.0,106.4,100.1,101.9,8.700005,8.904816,116.0,719,0.10824332317352293,True,REGULAR,USD,put,^SPX,2025-10-17,2025-09-06 12:54:49.663890,options
SPX251017P06500000,2025-09-05 19:40:00+00:00,6500.0,104.18,102.0,103.5,9.18,9.663157,751.0,10697,0.10702263225555421,True,REGULAR,USD,put,^SPX,2025-10-17,2025-09-06 12:54:49.663890,options
SPX251017P06505000,2025-09-05 19:44:29+00:00,6505.0,106.93,103.8,105.6,7.529999,7.5754514,119.0,817,0.10632073497772217,True,REGULAR,USD,put,^SPX,2025-10-17,2025-09-06 12:54:49.663890,options
SPX251017P06510000,2025-09-05 19:56:52+00:00,6510.0,108.8,105.7,107.5,4.600006,4.414593,101.0,519,0.10534036758422852,True,REGULAR,USD,put,^SPX,2025-10-17,2025-09-06 12:54:49.663890,options
SPX251017P06515000,2025-09-05 19:58:21+00:00,6515.0,110.0,107.1,109.7,0.69999695,0.64043635,33.0,415,0.10464991428375243,True,REGULAR,USD,put,^SPX,2025-10-17,2025-09-06 12:54:49.663890,options
SPX251017P06520000,2025-09-05 14:03:31+00:00,6520.0,109.0,109.1,111.7,-2.0,-1.8018018,12.0,166,0.10367717620849609,True,REGULAR,USD,put,^SPX,2025-10-17,2025-09-06 12:54:49.663890,options
SPXW251017P06525000,2025-09-05 14:51:17+00:00,6525.0,131.65,113.3,114.6,19.649994,17.544638,28.0,100,0.10368862018585205,True,REGULAR,USD,put,^SPX,2025-10-17,2025-09-06 12:54:49.663890,options
SPX251017P06530000,2025-09-05 14:00:27+00:00,6530.0,100.4,113.3,115.9,-7.2999954,-6.778083,4.0,104,0.10179273460388183,True,REGULAR,USD,put,^SPX,2025-10-17,2025-09-06 12:54:49.663890,options
SPXW251017P06535000,2025-09-05 14:05:53+00:00,6535.0,105.9,117.5,118.8,-4.8199997,-4.353323,20.0,50,0.10169736812591552,True,REGULAR,USD,put,^SPX,2025-10-17,2025-09-06 12:54:49.663890,options
SPX251017P06540000,2025-09-05 19:54:42+00:00,6540.0,122.9,117.7,120.2,6.2000046,5.312772,5.0,41,0.09978622390747072,True,REGULAR,USD,put,^SPX,2025-10-17,2025-09-06 12:54:49.663890,options
SPXW251017P06545000,2025-09-02 14:34:45+00:00,6545.0,111.07,121.9,123.2,-62.530006,-36.01959,1.0,22,0.09969657941818236,True,REGULAR,USD,put,^SPX,2025-10-17,2025-09-06 12:54:49.663890,options
SPX251017P06550000,2025-09-05 19:39:17+00:00,6550.0,124.5,122.2,124.8,3.9700012,3.293787,254.0,1826,0.09788461633682252,True,REGULAR,USD,put,^SPX,2025-10-17,2025-09-06 12:54:49.663890,options
SPX251017P06555000,2025-09-03 15:00:13+00:00,6555.0,146.76,124.6,127.1,0.0,0.0,4.0,9,0.09683558507919313,True,REGULAR,USD,put,^SPX,2025-10-17,2025-09-06 12:54:49.663890,options
SPXW251017P06560000,2025-09-04 13:35:24+00:00,6560.0,141.24,128.9,130.2,0.0,0.0,1.0,18,0.09668490604400636,True,REGULAR,USD,put,^SPX,2025-10-17,2025-09-06 12:54:49.663890,options
SPX251017P06565000,2025-09-05 13:34:02+00:00,6565.0,142.6,129.4,131.9,15.9900055,12.629339,3.0,22,0.09476613250732424,True,REGULAR,USD,put,^SPX,2025-10-17,2025-09-06 12:54:49.663890,options
SPXW251017P06570000,2025-09-05 19:54:02+00:00,6570.0,139.12,133.8,135.1,9.519989,7.3456707,1.0,14,0.09461354614257814,True,REGULAR,USD,put,^SPX,2025-10-17,2025-09-06 12:54:49.663890,options
SPX251017P06575000,2025-09-05 19:58:21+00:00,6575.0,138.99,134.5,137.0,1.3899994,1.0101739,13.0,29,0.09277297311782837,True,REGULAR,USD,put,^SPX,2025-10-17,2025-09-06 12:54:49.663890,options
SPXW251017P06580000,2025-09-04 19:55:37+00:00,6580.0,123.2,138.9,140.2,-7.9600067,-6.0689287,7.0,20,0.09248496635437009,True,REGULAR,USD,put,^SPX,2025-10-17,2025-09-06 12:54:49.663890,options
SPX251017P06585000,2025-09-05 18:20:14+00:00,6585.0,148.96,139.7,142.3,8.130005,5.772921,1.0,13,0.09071877918243408,True,REGULAR,USD,put,^SPX,2025-10-17,2025-09-06 12:54:49.663890,options
SPX251017P06590000,2025-09-05 14:36:30+00:00,6590.0,155.37,142.3,145.0,12.279999,8.582011,43.0,8,0.08963160133361817,True,REGULAR,USD,put,^SPX,2025-10-17,2025-09-06 12:54:49.663890,options
SPX251017P06595000,2025-09-05 19:51:46+00:00,6595.0,149.2,145.2,147.7,7.8899994,5.5834684,3.0,7,0.0884528716659546,True,REGULAR,USD,put,^SPX,2025-10-17,2025-09-06 12:54:49.663890,options
SPXW251017P06600000,2025-09-05 14:35:22+00:00,6600.0,149.34,149.8,151.1,-6.1600037,-3.9614172,37.0,185,0.08812862564086915,True,REGULAR,USD,put,^SPX,2025-10-17,2025-09-06 12:54:49.663890,options
SPXW251017P06605000,2025-08-29 16:08:41+00:00,6605.0,176.4,152.6,153.9,0.0,0.0,3.0,26,0.0869079347229004,True,REGULAR,USD,put,^SPX,2025-10-17,2025-09-06 12:54:49.663890,options
SPXW251017P06610000,2025-08-28 13:34:06+00:00,6610.0,152.84,155.5,156.8,0.0,0.0,4.0,9,0.08572348306655886,True,REGULAR,USD,put,^SPX,2025-10-17,2025-09-06 12:54:49.663890,options
SPXW251017P06615000,2025-09-04 19:58:18+00:00,6615.0,147.8,149.9,165.9,0.0,0.0,1.0,21,0.09322882488250732,True,REGULAR,USD,put,^SPX,2025-10-17,2025-09-06 12:54:49.663890,options
SPXW251017P06620000,2025-09-05 14:23:23+00:00,6620.0,177.0,152.9,168.9,10.020004,6.0007215,5.0,11,0.09217216430664063,True,REGULAR,USD,put,^SPX,2025-10-17,2025-09-06 12:54:49.663890,options
SPXW251017P06625000,2025-09-04 19:54:16+00:00,6625.0,156.1,155.9,171.9,0.0,0.0,5.0,204,0.09102395191192626,True,REGULAR,USD,put,^SPX,2025-10-17,2025-09-06 12:54:49.663890,options
SPXW251017P06630000,2025-09-04 19:54:03+00:00,6630.0,159.35,159.0,175.0,0.0,0.0,1.0,6,0.0899177007675171,True,REGULAR,USD,put,^SPX,2025-10-17,2025-09-06 12:54:49.663890,options
SPX251017P06635000,2025-08-22 14:03:48+00:00,6635.0,202.5,169.1,171.8,0.0,0.0,1.0,1,0.07873312023162841,True,REGULAR,USD,put,^SPX,2025-10-17,2025-09-06 12:54:49.663890,options
SPXW251017P06640000,2025-09-03 14:01:33+00:00,6640.0,212.25,164.4,185.6,0.0,0.0,3.0,4,0.09412908443450928,True,REGULAR,USD,put,^SPX,2025-10-17,2025-09-06 12:54:49.663890,options
SPX251017P06645000,2025-08-28 14:08:17+00:00,6645.0,182.4,175.6,178.3,0.0,0.0,,3,0.07571572486877443,True,REGULAR,USD,put,^SPX,2025-10-17,2025-09-06 12:54:49.663890,options
SPXW251017P06650000,2025-09-02 19:07:42+00:00,6650.0,249.96,171.0,192.2,0.0,0.0,1.0,45,0.0921416470336914,True,REGULAR,USD,put,^SPX,2025-10-17,2025-09-06 12:54:49.663890,options
SPX251017P06655000,2025-09-03 14:38:44+00:00,6655.0,201.41,182.4,185.0,-13.839996,-6.429731,1.0,1,0.07230923427581788,True,REGULAR,USD,put,^SPX,2025-10-17,2025-09-06 12:54:49.663890,options
SPX251017P06660000,2025-08-29 14:12:14+00:00,6660.0,216.21,185.8,188.5,0.0,0.0,1.0,17,0.07056593505859377,True,REGULAR,USD,put,^SPX,2025-10-17,2025-09-06 12:54:49.663890,options
SPX251017P06670000,2025-09-05 19:05:21+00:00,6670.0,198.94,192.8,195.5,-30.459991,-13.278113,1.0,1,0.0662172236633301,True,REGULAR,USD,put,^SPX,2025-10-17,2025-09-06 12:54:49.663890,options
SPX251017P06675000,2025-08-28 19:06:04+00:00,6675.0,184.89,196.4,199.1,0.0,0.0,5.0,7,0.06369954864501953,True,REGULAR,USD,put,^SPX,2025-10-17,2025-09-06 12:54:49.663890,options
SPX251017P06680000,2025-08-15 14:23:10+00:00,6680.0,168.76,200.0,202.7,-62.660004,-27.076313,2.0,1,0.060613489418029784,True,REGULAR,USD,put,^SPX,2025-10-17,2025-09-06 12:54:49.663890,options
SPX251017P06690000,2025-08-28 14:27:39+00:00,6690.0,215.4,207.4,210.1,0.0,0.0,6.0,243,0.05197328651428222,True,REGULAR,USD,put,^SPX,2025-10-17,2025-09-06 12:54:49.663890,options
SPX251017P06695000,2025-08-20 13:45:24+00:00,6695.0,287.7,211.2,213.9,0.0,0.0,,1,0.043451338043212884,True,REGULAR,USD,put,^SPX,2025-10-17,2025-09-06 12:54:49.663890,options
SPXW251017P06700000,2025-09-02 15:43:26+00:00,6700.0,318.0,204.9,230.4,0.0,0.0,5.0,183,0.08535918312072757,True,REGULAR,USD,put,^SPX,2025-10-17,2025-09-06 12:54:49.663890,options
SPXW251017P06710000,2025-08-04 19:23:54+00:00,6710.0,362.79,189.1,192.4,0.0,0.0,500.0,703,1.0000000000000003e-05,True,REGULAR,USD,put,^SPX,2025-10-17,2025-09-06 12:54:49.663890,options
SPX251017P06720000,2025-09-05 19:05:21+00:00,6720.0,237.2,230.7,233.4,-73.87999,-23.749516,1.0,1,1.0000000000000003e-05,True,REGULAR,USD,put,^SPX,2025-10-17,2025-09-06 12:54:49.663890,options
SPX251017P06725000,2025-07-03 15:35:27+00:00,6725.0,418.85,436.7,474.8,0.0,0.0,,1,0.37998819480895996,True,REGULAR,USD,put,^SPX,2025-10-17,2025-09-06 12:54:49.663890,options
SPXW251017P06730000,2025-09-02 15:43:26+00:00,6730.0,344.0,226.7,254.2,0.0,0.0,5.0,180,0.0769669330596924,True,REGULAR,USD,put,^SPX,2025-10-17,2025-09-06 12:54:49.663890,options
SPXW251017P06740000,2025-08-18 19:37:30+00:00,6740.0,278.0,234.1,262.1,0.0,0.0,1.0,1,0.07172559143066407,True,REGULAR,USD,put,^SPX,2025-10-17,2025-09-06 12:54:49.663890,options
SPX251017P06750000,2025-08-28 19:08:36+00:00,6750.0,237.63,255.3,258.0,0.0,0.0,1.0,236,1.0000000000000003e-05,True,REGULAR,USD,put,^SPX,2025-10-17,2025-09-06 12:54:49.663890,options
SPX251017P06760000,2025-08-15 15:32:29+00:00,6760.0,294.72,263.8,266.5,0.0,0.0,,3,1.0000000000000003e-05,True,REGULAR,USD,put,^SPX,2025-10-17,2025-09-06 12:54:49.663890,options
SPXW251017P06775000,2025-09-03 19:58:13+00:00,6775.0,311.76,264.9,292.9,0.0,0.0,9.0,5,1.0000000000000003e-05,True,REGULAR,USD,put,^SPX,2025-10-17,2025-09-06 12:54:49.663890,options
SPX251017P06790000,2025-08-13 15:05:17+00:00,6790.0,318.79,279.5,303.5,0.0,0.0,,1,1.0000000000000003e-05,True,REGULAR,USD,put,^SPX,2025-10-17,2025-09-06 12:54:49.663890,options
SPXW251017P06800000,2025-09-05 14:16:58+00:00,6800.0,308.27,287.1,314.7,19.720001,6.834172,11.0,7,1.0000000000000003e-05,True,REGULAR,USD,put,^SPX,2025-10-17,2025-09-06 12:54:49.663890,options
SPXW251017P06825000,2025-08-12 16:48:45+00:00,6825.0,362.95,308.9,336.9,0.0,0.0,,4,1.0000000000000003e-05,True,REGULAR,USD,put,^SPX,2025-10-17,2025-09-06 12:54:49.663890,options
SPXW251017P06840000,2025-08-11 14:20:29+00:00,6840.0,410.54,323.7,351.7,0.0,0.0,,1,1.0000000000000003e-05,True,REGULAR,USD,put,^SPX,2025-10-17,2025-09-06 12:54:49.663890,options
SPXW251017P06850000,2025-08-01 20:07:14+00:00,6850.0,569.71,349.8,377.8,0.0,0.0,1.0,1,0.11561705924987795,True,REGULAR,USD,put,^SPX,2025-10-17,2025-09-06 12:54:49.663890,options
SPXW251017P06860000,2025-08-12 16:48:45+00:00,6860.0,393.8,342.4,370.4,0.0,0.0,,4,1.0000000000000003e-05,True,REGULAR,USD,put,^SPX,2025-10-17,2025-09-06 12:54:49.663890,options
SPXW251017P06870000,2025-07-29 19:32:41+00:00,6870.0,456.39,350.3,360.9,0.0,0.0,,1,1.0000000000000003e-05,True,REGULAR,USD,put,^SPX,2025-10-17,2025-09-06 12:54:49.663890,options
SPXW251017P06900000,2025-09-02 14:42:48+00:00,6900.0,474.07,380.1,408.1,0.0,0.0,4.0,46,1.0000000000000003e-05,True,REGULAR,USD,put,^SPX,2025-10-17,2025-09-06 12:54:49.663890,options
SPXW251017P06925000,2025-09-05 18:56:41+00:00,6925.0,427.87,405.2,433.2,-26.649994,-5.863327,1.0,7,1.0000000000000003e-05,True,REGULAR,USD,put,^SPX,2025-10-17,2025-09-06 12:54:49.663890,options
SPXW251017P06930000,2025-08-15 13:30:29+00:00,6930.0,423.31,411.7,439.7,0.0,0.0,,1,1.0000000000000003e-05,True,REGULAR,USD,put,^SPX,2025-10-17,2025-09-06 12:54:49.663890,options
SPXW251017P06950000,2025-08-12 16:42:00+00:00,6950.0,478.08,431.1,459.1,0.0,0.0,,7,1.0000000000000003e-05,True,REGULAR,USD,put,^SPX,2025-10-17,2025-09-06 12:54:49.663890,options
SPXW251017P07000000,2025-09-04 16:39:33+00:00,7000.0,497.22,479.2,507.2,0.0,0.0,5.0,16,1.0000000000000003e-05,True,REGULAR,USD,put,^SPX,2025-10-17,2025-09-06 12:54:49.663890,options
SPXW251017P07050000,2025-08-15 13:30:29+00:00,7050.0,536.77,528.0,556.0,0.0,0.0,,1,1.0000000000000003e-05,True,REGULAR,USD,put,^SPX,2025-10-17,2025-09-06 12:54:49.663890,options
SPX251017P07075000,2025-07-16 15:16:20+00:00,7075.0,772.9,575.8,599.8,0.0,0.0,,20,0.15191735542297366,True,REGULAR,USD,put,^SPX,2025-10-17,2025-09-06 12:54:49.663890,options
SPX251017P07100000,2024-11-06 14:55:53+00:00,7100.0,988.1,807.8,822.9,0.0,0.0,1.0,1,0.4876626704216004,True,REGULAR,USD,put,^SPX,2025-10-17,2025-09-06 12:54:49.663890,options
SPX251017P07200000,2025-08-15 15:54:24+00:00,7200.0,702.35,677.9,701.9,0.0,0.0,8.0,10,1.0000000000000003e-05,True,REGULAR,USD,put,^SPX,2025-10-17,2025-09-06 12:54:49.663890,options
SPX251017P07250000,2025-08-11 14:03:06+00:00,7250.0,806.82,727.6,751.6,0.0,0.0,,1,1.0000000000000003e-05,True,REGULAR,USD,put,^SPX,2025-10-17,2025-09-06 12:54:49.663890,options
SPX251017P07300000,2025-07-21 13:30:31+00:00,7300.0,927.55,871.1,879.8,0.0,0.0,1.0,7,0.33846944496154785,True,REGULAR,USD,put,^SPX,2025-10-17,2025-09-06 12:54:49.663890,options
SPXW251017P07400000,2025-08-26 18:03:36+00:00,7400.0,917.0,877.0,905.0,0.0,0.0,,2,1.0000000000000003e-05,True,REGULAR,USD,put,^SPX,2025-10-17,2025-09-06 12:54:49.663890,options
SPX251017P07500000,2025-07-23 17:31:54+00:00,7500.0,1092.98,978.4,1002.4,0.0,0.0,,1,1.0000000000000003e-05,True,REGULAR,USD,put,^SPX,2025-10-17,2025-09-06 12:54:49.663890,options
SPX251017P07600000,2025-08-15 16:40:43+00:00,7600.0,1102.4,1075.5,1099.5,0.0,0.0,1.0,9,1.0000000000000003e-05,True,REGULAR,USD,put,^SPX,2025-10-17,2025-09-06 12:54:49.663890,options
SPX251017P07800000,2025-07-18 19:40:46+00:00,7800.0,1435.16,1292.5,1316.5,0.0,0.0,,13,1.0000000000000003e-05,True,REGULAR,USD,put,^SPX,2025-10-17,2025-09-06 12:54:49.663890,options
SPXW251017P08000000,2025-07-17 18:59:22+00:00,8000.0,1622.27,0.0,0.0,0.0,0.0,1.0,2,1.0000000000000003e-05,True,REGULAR,USD,put,^SPX,2025-10-17,2025-09-06 12:54:49.663890,options
SPX251017P08200000,2025-08-15 15:44:43+00:00,8200.0,1704.52,1672.3,1696.3,0.0,0.0,16.0,8,1.0000000000000003e-05,True,REGULAR,USD,put,^SPX,2025-10-17,2025-09-06 12:54:49.663890,options
SPX251017P08800000,2025-05-30 19:40:41+00:00,8800.0,2758.86,2477.7,2496.3,0.0,0.0,1.0,1,0.8641409154891966,True,REGULAR,USD,put,^SPX,2025-10-17,2025-09-06 12:54:49.663890,options
SPX251017P09000000,2025-08-15 18:59:52+00:00,9000.0,2483.86,2468.1,2492.1,0.0,0.0,1.0,5,1.0000000000000003e-05,True,REGULAR,USD,put,^SPX,2025-10-17,2025-09-06 12:54:49.663890,options
SPX251017P09200000,2025-08-15 15:51:07+00:00,9200.0,2690.0,2667.0,2691.0,0.0,0.0,,16,1.0000000000000003e-05,True,REGULAR,USD,put,^SPX,2025-10-17,2025-09-06 12:54:49.663890,options
SPX251017P09400000,2025-08-25 14:55:53+00:00,9400.0,2890.42,2866.0,2890.0,0.0,0.0,2.0,5,1.0000000000000003e-05,True,REGULAR,USD,put,^SPX,2025-10-17,2025-09-06 12:54:49.663890,options
SPX251017P09600000,2025-08-25 14:43:34+00:00,9600.0,3089.28,3064.9,3088.9,0.0,0.0,24.0,12,1.0000000000000003e-05,True,REGULAR,USD,put,^SPX,2025-10-17,2025-09-06 12:54:49.663890,options
SPX251017P09800000,2025-08-25 14:42:37+00:00,9800.0,3288.48,3263.9,3287.9,0.0,0.0,12.0,6,1.0000000000000003e-05,True,REGULAR,USD,put,^SPX,2025-10-17,2025-09-06 12:54:49.663890,options
SPXW251017P10000000,2025-08-27 19:48:07+00:00,10000.0,3459.0,3461.0,3489.0,0.0,0.0,,1,1.0000000000000003e-05,True,REGULAR,USD,put,^SPX,2025-10-17,2025-09-06 12:54:49.663890,options
SPXW251017P10400000,2025-08-25 15:21:15+00:00,10400.0,3876.59,3860.8,3888.8,0.0,0.0,,0,1.0000000000000003e-05,True,REGULAR,USD,put,^SPX,2025-10-17,2025-09-06 12:54:49.663890,options
SPX251017P11000000,2025-09-05 13:41:57+00:00,11000.0,4419.88,4457.6,4481.6,-143.12988,-3.1367428,2.0,25,1.0000000000000003e-05,True,REGULAR,USD,put,^SPX,2025-10-17,2025-09-06 12:54:49.663890,options
SPX251017P12000000,2025-08-25 14:37:58+00:00,12000.0,5469.85,5452.4,5476.4,0.0,0.0,14.0,14,1.0000000000000003e-05,True,REGULAR,USD,put,^SPX,2025-10-17,2025-09-06 12:54:49.663890,options
